"rateTrain";"rateAirplane";"Attractiveness";"ManipDest";"ManipInfo";"ManipTax";"PreferTrain";"PreferAirplane";"ImportPrice";"ImportTime";"ImportComfort";"SchipholTrain";"SchipholCar";"CO2Comp";"CO2Comp5E";"CO2Comp7E";"CO2CompMax";"Nep01";"Nep02";"Nep03";"Nep04";"Nep05";"Bif01";"Bif02";"Bif03";"Bif04";"Bif05";"Bif06";"Bif07";"Guilt01";"Guilt02";"Guilt03";"Guilt04";"Guilt05";"Big01";"Big02";"Big03";"Big04";"Big05";"Big06";"Big07";"Big08";"Big09";"Big10";"dGender";"YrBirth";"dIBA";"SatFac";"HrPWork";"HrVWork";"HrClass";"HrStud";"cLiving";"cLocate";"dPreMas";"dSports";"dFraternity";"dAssoc";"dAbroad";"CheckDest";"CheckInfo";"CheckTax"
9;91;20;3;1;3;20;80;10;50;40;3;2;2;1;1;10;6;5;1;2;7;2;1;1;1;2;1;1;1;2;5;4;5;4;2;4;5;4;4;4;3;1;5;1;1996;1;75;15;0;4;1;4;2;2;1;2;2;1;3;2;3
13;87;72;2;2;2;40;66;43;77;63;2;2;1;1;2;5;5;1;2;7;6;2;1;1;1;1;1;1;1;2;5;3;4;3;5;4;3;5;5;2;4;4;3;1;1997;1;70;0;0;8;15;4;3;1;1;2;2;2;2;1;2
40;80;80;1;2;2;20;90;65;65;40;4;3;1;1;1;20;5;4;3;5;7;1;1;2;2;2;2;1;4;4;1;2;1;4;4;4;2;4;5;3;4;4;5;2;2000;1;65;10;0;12;8;3;4;2;2;2;2;2;1;1;2
40;87;75;1;1;1;10;80;80;60;20;3;4;1;1;1;10;4;6;3;3;5;2;2;1;1;2;1;1;1;1;4;3;4;2;5;1;5;4;5;2;4;1;4;2;2000;1;65;9;5;4;10;1;4;2;1;1;2;2;1;2;1
20;70;48;3;1;1;66;34;68;41;8;2;4;2;2;2;150;3;5;2;3;6;2;1;2;2;1;2;2;1;3;5;4;5;4;3;3;2;3;3;3;3;2;3;1;1999;1;70;12;0;8;7;3;2;2;1;2;1;2;3;2;1
25;90;85;3;2;2;100;NA;90;40;50;2;2;1;1;1;15;5;2;1;5;6;1;1;1;1;1;1;1;4;4;2;2;2;3;4;2;4;3;4;3;3;2;5;2;1993;1;81;30;0;10;12;4;2;1;1;2;2;1;3;1;2
10;90;50;1;1;3;20;80;60;25;15;3;5;2;2;2;5;6;5;3;3;5;1;1;1;1;2;2;2;5;5;3;3;2;3;3;3;3;4;4;3;3;4;4;1;1999;2;100;0;0;10;5;1;1;2;2;2;2;2;1;1;3
11;100;74;3;2;1;1;82;48;57;31;1;1;1;1;1;20;5;2;3;4;5;2;1;1;2;1;1;1;3;4;2;2;1;2;3;4;3;2;5;3;4;4;4;2;2000;1;65;5;0;15;20;1;1;2;1;1;2;2;3;1;1
50;70;65;1;2;2;50;50;70;50;50;4;4;2;1;1;10;7;3;2;6;6;1;2;2;2;2;2;2;1;3;2;4;1;4;4;4;4;2;4;1;5;4;5;1;2000;1;75;5;0;10;10;2;2;2;1;2;2;2;1;1;2
20;90;70;1;2;1;80;40;80;50;60;3;2;1;2;2;3;2;3;2;2;5;1;2;2;1;2;1;2;1;1;5;5;5;4;2;4;1;5;2;4;4;5;5;2;1994;1;80;16;0;12;28;3;1;1;2;2;2;1;1;1;1
0;100;65;3;2;1;60;43;63;64;38;1;5;2;1;1;15;5;3;2;5;5;1;1;2;1;1;1;2;1;2;4;4;5;3;4;2;2;2;4;2;5;4;4;1;1999;1;65;0;0;6;14;2;3;2;1;2;1;2;3;1;1
0;100;100;1;2;2;30;70;90;80;70;4;4;1;1;1;10;5;2;2;5;5;1;2;1;1;2;2;1;2;1;4;2;3;2;4;4;3;2;4;1;4;4;4;2;1998;1;70;0;0;10;15;3;3;2;1;2;2;2;1;1;2
40;60;80;2;2;2;40;60;70;71;50;1;4;1;1;1;10;7;5;1;3;7;2;2;2;1;1;1;2;1;4;3;2;2;4;4;2;4;5;4;2;5;1;4;1;1999;2;65;24;10;6;24;2;1;2;1;2;1;1;2;2;2
20;100;55;2;1;3;82;64;100;60;72;4;3;2;2;2;0;6;3;1;5;6;1;1;2;1;1;1;1;1;1;5;5;5;2;4;4;5;3;4;2;3;2;4;2;1998;1;80;8;0;4;4;5;4;2;2;1;2;2;2;2;3
2;100;72;3;1;3;11;100;62;94;63;3;4;2;2;2;0;5;6;5;5;4;1;2;2;1;2;1;1;1;1;5;5;5;4;4;4;2;2;4;3;4;5;5;1;2000;1;48;40;20;10;5;3;4;2;1;2;2;2;3;2;1
13;83;63;3;2;3;50;50;94;66;36;3;4;1;1;1;10;5;2;3;3;5;2;1;2;1;1;2;2;2;4;4;4;4;4;5;5;2;4;3;2;2;3;4;1;1998;1;51;20;2;4;10;3;3;2;1;2;2;2;3;1;2
50;80;80;2;2;3;30;70;30;60;50;3;2;2;2;2;4;2;5;2;5;6;1;1;2;2;1;2;2;1;2;3;2;4;2;4;2;3;4;5;2;3;4;3;2;2000;2;68;0;0;12;10;3;2;2;1;2;1;2;2;1;2
60;88;30;3;1;2;92;59;73;73;44;1;1;1;1;1;15;6;1;2;5;6;2;1;2;1;1;1;2;4;4;2;2;2;1;4;2;4;4;5;3;4;2;4;2;1995;1;73;16;0;4;30;2;1;1;2;2;2;1;3;2;2
0;80;60;3;1;3;90;10;40;60;50;1;5;1;1;2;6;7;2;2;5;7;2;1;1;1;1;1;1;4;5;3;1;3;4;3;1;5;2;5;2;4;2;4;2;1999;1;80;0;8;14;36;2;4;2;1;2;1;1;3;2;3
63;83;80;2;1;2;40;70;90;60;80;4;3;1;1;1;10;5;1;1;2;7;2;1;2;1;2;1;2;2;4;1;1;2;5;5;2;4;3;4;1;5;4;3;2;2000;1;95;6;0;12;20;3;5;2;1;2;2;2;2;2;2
5;95;75;2;1;3;10;90;50;50;50;4;3;1;1;2;5;6;4;5;5;6;2;1;2;1;1;1;1;1;2;5;5;5;3;5;2;4;2;5;3;4;2;4;1;1998;1;70;12;20;8;30;3;3;1;1;2;2;1;2;1;3
1;100;85;1;2;2;1;100;70;80;80;1;1;2;1;1;10;5;3;2;3;5;2;1;2;1;1;1;1;1;2;1;1;1;3;5;2;4;2;5;3;4;2;4;1;1999;1;75;20;0;10;4;3;2;2;2;2;2;1;1;1;2
30;80;60;2;2;3;30;80;90;35;25;1;5;2;2;2;5;6;7;3;3;7;2;1;2;1;1;1;1;3;4;2;4;2;5;5;4;2;4;2;2;3;2;4;2;2000;2;75;0;0;8;35;2;1;2;2;2;2;1;2;1;3
0;100;29;3;1;3;0;100;66;39;63;2;3;2;1;1;10;5;5;4;6;4;2;2;1;1;2;2;1;1;3;4;4;5;1;4;3;5;2;5;3;4;1;5;1;1999;1;65;0;0;15;15;1;1;2;2;2;2;1;3;2;3
82;66;63;1;2;2;30;64;36;68;83;4;3;1;1;1;20;6;3;2;4;5;2;1;2;1;1;1;1;1;1;5;5;5;4;3;3;4;4;3;2;4;3;4;1;1997;1;0;10;0;14;15;3;3;2;1;2;2;2;1;2;1
0;100;67;1;2;1;30;70;86;70;44;1;1;1;1;2;5;5;2;6;4;3;2;1;1;1;1;1;1;1;4;4;4;5;4;3;4;4;4;4;4;3;2;4;1;1998;1;75;0;4;5;10;1;1;2;2;1;2;2;1;1;1
43;81;63;3;1;3;70;30;90;88;72;1;5;2;2;2;0;4;7;5;1;1;1;1;2;1;1;1;1;1;1;5;5;5;4;4;2;4;1;4;2;4;2;2;1;1998;1;71;0;0;8;20;2;1;2;2;2;2;2;3;2;3
0;100;100;3;2;1;0;100;80;60;70;2;5;2;2;2;2;2;7;4;4;4;2;1;1;1;1;1;1;1;1;5;5;5;2;5;4;4;2;5;3;5;2;2;2;1997;1;50;16;0;0;4;2;1;2;2;1;2;2;3;1;1
0;100;100;1;1;1;50;50;100;100;76;4;3;1;1;1;20;1;5;1;5;4;2;1;2;1;1;2;2;1;5;5;5;5;4;3;1;3;4;4;1;4;4;4;1;2000;1;75;15;0;12;4;3;4;2;1;2;1;2;1;2;1
65;90;90;1;1;2;70;40;80;70;50;4;4;1;1;1;10;5;2;2;3;6;2;1;1;1;2;1;1;3;2;4;3;3;4;4;4;4;3;5;2;4;2;5;2;1997;1;80;10;0;8;8;2;1;1;2;2;2;1;1;2;2
1;100;81;2;2;2;5;95;51;70;40;2;2;1;1;1;100;5;6;3;5;4;2;1;1;1;2;1;1;1;1;5;5;5;2;4;2;5;3;5;2;4;2;2;1;2000;1;85;20;2;17;10;2;2;2;2;2;2;2;2;1;2
10;90;70;2;2;2;30;70;55;15;30;3;4;1;1;1;10;2;6;5;4;2;1;1;2;2;2;2;1;1;1;5;4;5;4;2;4;3;4;4;3;4;2;4;1;1998;1;65;12;2;12;24;3;3;2;2;2;2;2;2;2;2
46;76;67;3;2;3;66;37;95;85;53;2;3;1;1;1;8;6;2;2;4;6;1;1;2;1;2;1;2;3;2;3;2;3;1;4;4;2;4;4;2;4;3;4;1;1998;2;74;0;0;9;15;1;4;2;2;1;2;1;3;2;3
40;90;20;2;1;2;45;90;70;60;45;3;3;1;1;2;10;6;5;4;6;7;2;1;2;1;2;1;1;2;3;4;2;4;4;3;2;3;4;3;2;4;4;4;2;1995;1;85;24;0;10;10;2;2;1;2;2;2;1;2;1;2
39;70;80;2;2;1;80;20;95;30;20;2;5;1;1;1;10;6;4;2;7;6;2;2;1;1;1;1;2;2;2;4;4;4;2;5;4;5;4;5;2;4;2;5;1;1999;1;11;0;0;0;8;1;1;2;1;1;2;2;2;1;1
68;69;63;2;1;2;58;63;49;64;62;3;3;2;2;2;0;3;3;3;4;5;1;1;2;1;2;2;2;2;4;4;3;4;4;3;4;2;2;3;3;3;4;5;2;1999;1;82;0;0;8;20;3;3;2;2;2;2;2;2;2;2
0;100;20;1;2;1;50;50;90;10;NA;3;2;2;2;2;0;4;2;2;6;4;2;1;2;2;2;2;1;1;1;5;5;5;2;4;3;5;1;3;2;5;4;3;1;1999;1;81;6;0;10;15;2;1;2;2;2;1;2;1;1;1
15;95;50;1;2;1;5;85;70;40;60;4;3;2;1;1;10;5;7;3;3;2;2;1;1;1;2;2;2;1;4;3;4;4;4;3;1;4;2;3;1;3;4;2;2;1999;1;78;15;0;4;10;3;4;2;2;2;1;2;1;1;1
20;80;69;3;1;2;80;35;66;66;85;3;2;1;1;2;650;6;4;5;4;4;1;1;2;1;1;1;2;2;4;3;4;2;4;4;4;4;2;3;3;3;3;3;2;1998;1;40;0;3;16;10;3;4;2;1;1;2;2;3;2;2
30;75;64;2;1;2;0;100;47;46;46;2;1;1;1;1;10;5;3;2;6;6;2;1;2;2;2;2;1;1;1;4;4;5;4;4;3;2;2;4;3;5;4;2;1;1999;1;61;0;0;10;25;3;3;2;2;2;1;1;2;2;2
60;80;60;3;2;2;75;50;20;55;50;1;5;1;1;1;50;7;1;2;1;7;2;1;2;1;1;1;1;3;3;3;3;3;4;1;1;2;3;2;1;5;4;5;2;1993;1;90;20;0;8;20;1;1;1;2;2;2;1;3;1;2
70;30;50;1;1;1;20;80;25;90;80;3;3;2;1;1;15;5;4;2;2;5;2;1;2;1;1;1;2;1;1;5;4;5;3;5;4;5;1;2;2;3;3;4;1;1999;1;72;0;0;5;10;1;1;2;2;2;2;2;1;2;1
42;23;15;3;1;3;72;19;35;51;65;3;5;1;1;2;10;4;5;3;5;6;2;1;1;1;1;1;2;2;3;3;4;3;3;4;2;4;3;4;3;3;4;4;2;2000;1;68;3;0;5;10;2;1;2;1;1;2;2;3;1;3
70;85;90;2;1;1;30;70;0;70;80;3;2;2;2;2;2;5;4;3;6;3;1;1;2;2;2;1;1;1;1;5;5;5;1;4;2;4;3;4;1;5;2;4;1;2000;1;75;35;0;12;6;3;4;2;2;2;1;2;2;2;1
20;90;60;2;2;3;10;90;100;30;5;4;3;2;2;2;0;6;2;1;6;5;1;2;2;2;2;2;1;1;1;5;5;5;2;5;1;4;4;5;4;5;2;2;2;1997;1;80;24;2;6;24;1;3;1;2;2;2;1;2;1;3
0;100;75;1;1;3;0;100;32;67;47;4;3;2;2;2;0;4;4;3;5;4;2;1;2;1;2;2;1;1;1;5;5;5;3;5;4;3;1;4;3;3;3;2;1;1998;1;50;9;0;4;10;3;2;2;1;2;2;2;1;1;2
8;77;39;3;1;2;46;60;79;83;44;2;2;1;1;2;5;6;3;2;3;6;2;1;2;1;1;2;1;3;4;4;4;3;2;5;5;2;1;4;4;4;3;4;2;2000;1;60;24;0;8;10;3;1;2;1;2;2;2;3;2;2
35;65;30;2;1;1;40;60;70;70;50;3;3;1;1;1;15;5;6;2;2;7;1;2;2;2;1;2;2;2;3;2;2;2;5;5;4;4;4;3;2;4;5;4;2;1999;1;55;17;0;12;2;2;1;2;2;1;2;2;2;2;1
10;90;82;3;2;3;10;92;61;68;70;1;1;2;2;2;0;6;6;3;6;3;2;1;1;1;1;2;2;1;2;5;5;5;4;4;2;4;2;4;2;3;4;2;1;2000;1;68;10;0;2;8;3;2;2;1;2;2;2;3;1;3
2;91;94;1;2;3;40;50;85;75;70;4;3;2;1;1;15;6;2;4;6;4;2;1;2;1;2;2;1;2;3;3;2;4;3;4;4;2;4;3;3;3;4;4;2;1999;1;75;13;0;4;15;3;4;2;2;2;2;2;1;1;3
5;100;70;3;1;2;50;80;100;80;60;1;5;1;1;1;15;5;2;2;1;6;1;1;2;1;1;2;2;2;3;2;4;4;4;2;2;2;1;3;4;5;4;4;2;1995;1;70;0;0;10;30;1;4;1;1;2;1;1;3;1;2
30;70;94;1;1;1;19;85;63;85;72;4;3;2;2;2;2;2;7;5;4;6;2;2;2;1;2;1;2;1;2;4;4;4;3;4;3;5;5;4;3;4;2;4;1;1999;1;65;14;5;6;5;1;4;2;2;1;2;2;1;2;1
20;77;55;3;1;2;67;53;88;75;44;1;2;2;1;1;15;5;2;1;5;6;1;1;2;1;2;2;2;1;3;3;2;3;4;5;3;3;3;3;4;4;4;4;2;2000;2;85;3;5;15;10;1;3;2;2;2;1;2;3;2;2
30;80;75;1;1;1;20;80;61;60;50;4;3;1;1;1;20;5;7;2;5;7;1;1;2;2;2;1;1;2;4;2;2;2;4;5;4;1;4;4;4;4;5;5;1;2000;1;75;16;0;2;5;3;4;2;1;1;1;2;1;2;1
8;82;69;2;1;1;30;70;62;72;64;2;2;1;1;1;10;6;2;3;2;5;2;1;1;1;2;2;2;3;2;4;4;3;3;5;4;4;3;3;3;3;3;4;2;1997;1;68;10;2;4;26;3;1;2;2;2;2;2;2;1;1
45;86;85;3;1;1;46;39;77;33;42;2;3;1;1;1;15;5;6;5;3;6;2;2;1;2;2;1;2;4;1;3;4;5;4;3;4;4;1;5;3;2;3;4;2;2000;1;60;12;0;3;3;1;1;2;1;1;2;2;3;1;1
62;88;77;2;1;2;61;39;77;77;70;3;4;1;1;1;10;2;7;5;6;2;2;1;1;2;2;2;2;1;1;5;4;5;1;5;1;4;1;5;1;4;1;3;1;1999;1;55;9;5;12;20;2;2;2;2;1;2;2;2;2;2
40;59;50;2;2;1;80;21;30;70;34;4;4;2;2;2;2;4;5;4;5;4;2;2;2;2;2;1;2;1;1;5;5;5;3;4;2;4;1;5;2;5;3;4;1;1999;1;80;18;0;8;4;3;4;2;2;2;2;2;2;1;1
41;80;10;3;1;3;70;40;50;50;70;1;1;2;2;2;2;1;2;2;6;2;1;1;2;1;1;1;2;1;1;5;5;5;3;5;2;5;1;4;3;4;2;3;1;1999;1;40;0;0;4;8;3;1;2;1;2;2;2;3;2;3
0;100;60;3;2;3;28;79;50;50;50;4;3;2;2;2;0;2;6;5;6;2;1;1;2;2;2;2;2;1;1;5;5;5;4;2;4;2;4;4;3;3;4;4;2;2000;1;68;8;2;15;30;2;4;2;1;2;2;2;3;1;3
5;95;60;1;2;3;40;65;86;73;50;3;3;2;2;2;2;6;4;4;6;5;2;2;2;1;2;1;2;1;3;4;4;5;3;4;3;4;3;5;3;4;2;4;1;1998;1;60;12;0;5;5;1;2;2;1;1;2;1;1;2;3
95;5;60;2;1;3;40;60;70;85;55;3;4;2;1;2;5;5;2;2;7;7;1;1;2;1;2;1;2;2;4;4;5;4;5;5;2;4;2;3;1;3;2;5;1;1999;1;70;0;0;12;20;1;2;2;1;2;2;2;2;2;3
0;100;67;3;2;2;40;60;80;80;60;3;2;1;1;1;20;4;5;2;3;6;1;2;2;2;1;2;2;1;1;4;3;5;4;4;2;3;4;3;2;5;3;3;2;1999;1;60;6;0;6;6;2;1;2;1;1;2;1;3;1;1
0;100;73;1;2;3;0;100;77;49;100;3;2;2;2;2;5;4;3;2;3;6;2;1;2;2;1;1;2;1;4;3;4;5;4;5;4;2;2;3;2;4;3;2;2;1999;1;54;10;0;12;20;3;1;2;2;2;2;2;1;1;3
30;70;40;2;2;2;65;35;80;20;40;3;4;1;1;1;20;4;2;3;5;7;2;1;1;1;1;1;2;1;2;5;5;5;5;4;4;2;3;2;2;4;3;4;1;1994;1;50;18;3;7;24;1;3;1;2;2;2;2;1;1;2
50;75;70;2;2;1;30;60;60;80;75;4;3;1;1;1;10;2;3;4;4;5;2;1;1;1;2;2;2;1;1;5;5;4;4;4;5;4;3;3;2;3;3;3;1;2000;1;70;8;0;10;6;3;4;2;1;2;2;2;2;1;1
40;45;30;3;1;1;25;75;50;50;50;2;3;2;1;2;5;5;2;2;6;4;1;1;2;1;2;1;2;1;2;4;2;5;4;5;2;1;2;4;4;5;4;5;2;1999;1;65;0;0;5;14;1;1;2;1;1;2;2;3;2;1
10;90;30;2;2;3;20;81;49;66;46;4;4;2;1;2;5;5;2;3;2;5;2;1;2;2;2;1;2;2;3;3;4;4;2;3;4;5;5;4;2;5;4;3;1;2000;1;75;4;0;4;15;2;3;2;1;1;2;2;2;1;3
80;20;90;2;1;2;40;60;60;60;90;3;2;2;2;2;3;5;4;1;2;6;2;1;1;1;2;1;2;2;3;3;3;4;2;3;3;2;4;4;3;3;2;2;1;2000;2;72;15;0;10;15;1;3;2;1;2;2;1;2;2;2
0;100;80;3;2;1;50;70;80;70;50;3;3;2;1;1;10;3;2;4;5;7;2;2;2;2;1;1;1;1;1;5;5;5;3;4;3;3;5;4;3;3;2;2;1;2000;1;55;8;0;4;20;3;3;2;1;2;2;2;3;1;1
37;82;68;2;1;1;50;50;78;89;10;4;4;1;1;1;20;1;2;1;2;7;1;2;1;1;2;2;1;1;1;5;5;5;4;5;1;4;3;4;4;4;2;5;1;2000;1;65;40;5;20;20;3;4;2;1;2;2;1;2;2;1
15;60;40;3;2;1;100;NA;14;61;25;2;3;1;1;1;40;7;5;1;3;7;2;1;2;1;1;1;1;4;3;1;2;1;4;3;4;3;3;3;3;3;4;4;2;2000;1;60;0;0;12;28;3;1;1;2;2;2;2;3;1;1
15;90;70;3;1;2;90;10;80;20;50;2;5;1;1;1;10;5;4;2;6;6;1;1;2;1;1;2;1;2;3;3;1;2;2;5;5;5;2;5;1;3;2;4;1;1999;1;75;16;0;10;10;1;1;2;1;2;2;2;3;2;2
51;50;60;3;2;2;51;50;21;21;30;2;3;1;1;1;12;5;2;3;3;3;2;1;2;1;1;2;2;3;3;2;3;3;4;4;4;3;2;2;3;3;3;2;2;1999;2;60;0;0;6;10;5;1;2;2;2;2;1;3;1;2
10;90;50;1;1;3;20;80;100;80;3;4;3;1;1;1;10;5;1;2;2;6;2;2;2;1;1;1;2;4;4;1;1;1;4;5;2;1;4;4;3;5;4;4;2;2000;1;60;10;20;12;10;3;4;2;1;2;2;2;1;1;3
0;100;77;1;1;1;40;58;75;71;38;3;3;2;2;2;0;5;4;2;6;4;2;2;1;1;2;2;1;2;2;4;4;4;4;4;3;4;3;5;2;3;4;4;1;2000;1;41;20;0;0;10;1;2;2;1;1;2;2;1;2;1
25;80;41;3;2;2;72;35;75;57;48;3;2;1;1;1;15;6;2;3;3;6;1;2;2;2;1;2;2;1;4;3;2;4;4;4;4;4;1;4;2;4;3;3;2;1999;1;73;10;0;10;20;3;4;2;2;2;2;2;3;1;2
0;100;80;3;1;2;35;85;20;90;50;4;3;2;2;2;0;3;3;1;6;6;1;1;2;1;2;2;1;1;1;4;4;4;4;2;4;4;5;2;3;4;4;2;1;1999;1;85;0;0;12;5;3;1;2;2;2;2;2;3;2;2
20;80;30;3;1;1;5;95;80;80;20;3;3;1;1;1;20;6;7;2;3;6;2;2;1;1;2;1;1;2;2;4;4;4;2;4;4;4;4;5;2;3;4;5;1;1999;1;75;4;12;12;12;2;3;2;1;1;2;2;3;2;1
30;70;70;2;1;2;0;100;60;80;70;4;2;2;2;2;0;6;4;3;3;5;1;1;2;1;2;2;2;1;1;5;5;5;5;4;1;4;5;1;3;5;4;4;1;1991;1;75;5;0;18;28;1;1;2;1;2;1;2;2;2;2
60;40;70;1;1;1;50;50;100;50;40;4;3;2;1;1;9;5;4;2;4;6;2;1;2;1;2;1;1;1;1;5;5;5;3;3;4;4;2;3;3;3;3;3;2;2000;1;50;12;4;4;2;3;4;2;1;2;2;2;1;2;1
81;37;100;1;1;3;72;42;4;69;83;3;2;2;2;2;0,5;5;5;4;3;6;2;1;2;1;1;1;1;1;2;4;4;4;1;4;3;4;2;3;2;3;3;3;2;1999;1;65;25;0;8;3;3;1;2;1;2;2;2;1;2;3
10;90;70;2;2;3;30;60;80;60;70;3;2;1;1;1;20;6;2;1;2;7;2;1;1;1;1;1;1;2;4;4;1;3;3;4;2;2;4;5;3;2;3;4;2;1999;1;91;2;20;6;5;1;1;2;1;1;2;1;2;1;1
60;40;80;2;1;2;50;50;60;80;80;4;2;1;1;1;10;5;5;2;3;6;2;1;2;2;2;2;2;1;2;4;2;4;2;4;2;4;1;5;2;4;2;3;2;1997;1;80;16;0;8;15;3;4;1;2;2;2;1;2;2;2
9;80;85;1;2;2;62;40;83;37;13;3;4;1;1;1;15;5;3;2;5;7;2;2;2;2;2;1;1;3;4;3;3;3;5;4;3;2;1;4;3;4;4;4;1;2000;1;21;12;0;14;10;3;2;2;2;2;2;2;1;1;2
0;100;80;3;1;2;50;50;70;40;75;1;2;1;1;1;10;5;5;3;3;5;1;1;2;1;2;1;2;2;2;4;3;4;4;4;2;4;4;4;2;4;4;4;2;1996;1;50;8;0;9;10;4;3;1;1;2;2;1;3;2;2
15;80;70;3;1;2;50;50;80;60;50;3;3;2;2;2;2;4;2;2;4;5;2;1;1;1;1;1;1;1;3;5;3;4;3;4;4;4;4;5;3;2;3;3;2;2000;1;80;10;1;5;8;3;1;2;1;2;1;2;3;2;2
20;92;65;3;1;3;50;50;70;65;80;4;3;1;1;1;10;6;2;1;4;7;1;1;1;1;2;2;1;1;3;4;4;5;4;5;3;4;4;4;1;4;5;4;1;1998;1;75;10;0;6;10;3;3;2;1;2;2;2;3;2;3
60;80;76;3;2;3;43;70;82;72;75;1;1;1;1;2;5;7;3;3;5;5;1;1;2;2;2;2;2;4;3;3;2;3;4;5;4;4;5;4;2;4;3;2;2;2000;1;74;0;10;12;15;3;2;2;1;2;2;2;3;1;1
71;20;75;2;1;2;40;60;60;46;40;1;1;1;1;1;15;5;2;4;5;6;2;1;2;2;2;2;2;2;1;3;2;4;4;4;4;5;3;3;2;3;3;4;1;1998;1;80;6;0;4;8;3;2;2;1;2;2;1;2;2;2
5;95;80;1;2;3;30;70;25;40;35;4;3;2;2;2;0;6;3;4;7;1;2;2;1;1;1;1;1;1;1;5;5;5;4;4;2;3;4;4;3;4;3;5;1;1998;1;85;35;0;10;4;3;4;2;1;2;2;2;1;1;3
20;80;40;3;2;2;50;50;80;60;60;2;2;1;1;2;550;5;3;2;5;6;1;2;1;1;1;1;1;2;3;4;2;2;3;4;4;4;3;5;3;2;2;5;1;1999;1;60;10;0;12;24;3;1;2;1;1;2;2;3;1;2
0;100;10;3;2;1;50;50;80;70;60;1;1;2;1;1;10;5;2;3;5;4;2;2;1;1;1;1;1;1;2;4;2;2;2;5;1;5;2;4;1;5;1;4;1;2000;1;60;0;0;4;26;2;1;2;1;2;1;2;3;1;1
60;50;50;2;1;3;50;50;49;50;66;2;1;1;1;1;10;4;1;2;4;6;2;1;2;2;2;1;2;3;4;3;2;2;4;4;5;3;3;3;3;3;4;4;2;1999;1;67;5;0;6;10;2;2;2;1;1;2;1;2;2;3
40;60;70;2;2;2;40;60;30;50;20;3;3;2;1;1;15;5;2;2;3;5;2;1;1;1;2;1;1;2;4;3;3;4;4;4;3;2;3;4;3;4;3;4;2;2000;1;75;12;0;14;18;2;1;2;2;2;1;2;2;1;2
15;85;90;2;2;3;10;90;50;50;75;2;5;2;2;2;5;3;3;2;3;5;2;1;2;1;2;2;2;2;3;3;2;4;4;2;3;4;5;4;2;3;4;4;1;2000;2;17;0;6;10;40;2;1;2;2;2;1;1;2;1;3
22;100;95;2;2;1;2;100;47;51;83;2;1;1;1;1;10;5;4;5;6;5;2;1;1;1;1;1;1;1;1;5;5;5;3;5;4;5;2;4;3;5;1;3;1;1998;1;83;18;0;8;10;3;2;2;2;2;2;2;2;1;1
50;50;24;2;2;2;15;85;51;51;30;4;3;2;2;2;2;5;4;3;2;6;2;2;2;1;2;2;2;1;2;5;4;5;5;4;4;4;5;4;1;4;3;4;1;2001;1;65;5;0;2;4;3;3;2;1;2;1;2;2;1;2
35;65;77;2;2;1;60;40;85;70;30;3;2;2;2;2;1;2;2;4;6;6;1;1;2;1;1;2;1;1;1;4;5;5;2;4;2;3;2;4;3;5;3;5;1;1998;1;79;8;0;12;30;3;2;2;1;2;2;1;2;1;1
0;100;64;1;1;3;50;50;100;100;57;2;2;2;1;1;10;4;4;3;5;3;2;1;2;2;1;1;2;1;2;3;5;4;3;3;3;3;3;3;3;3;4;4;1;1998;1;38;4;0;12;20;1;1;2;1;1;2;2;1;2;3
20;60;60;1;2;3;30;70;80;80;20;4;3;2;2;2;2;6;7;2;6;6;2;1;2;1;2;2;2;1;1;5;5;5;4;2;4;5;5;2;2;3;4;5;1;2000;1;70;0;0;20;20;3;3;2;2;2;2;2;1;1;3
35;94;66;1;2;2;17;91;80;32;68;4;3;1;1;1;10;5;4;7;5;3;1;1;2;2;1;1;2;1;2;4;4;4;3;4;4;2;5;5;3;4;5;2;2;2001;1;73;17;11;3;4;1;4;2;1;2;2;2;1;1;2
20;82;70;3;1;3;10;80;50;40;70;1;1;1;1;1;20;5;2;3;3;5;1;1;2;1;2;1;1;2;4;2;3;4;4;5;2;3;4;4;2;4;4;5;2;2000;1;80;5;0;10;8;1;2;2;1;2;1;2;3;2;3
0;100;50;1;2;2;50;50;70;60;10;4;4;2;2;2;0;7;1;6;1;7;2;1;1;1;2;1;1;1;1;5;5;5;4;2;3;5;4;3;2;3;1;4;1;1997;1;60;0;0;2;10;3;5;2;2;2;2;2;1;1;2
8;96;71;3;2;3;61;50;80;27;10;4;3;2;2;2;2;5;7;2;3;7;2;1;1;2;1;2;2;2;4;4;5;5;4;5;1;2;4;4;2;5;3;2;2;2000;1;81;13;0;12;35;3;4;2;1;2;2;2;3;1;3
50;50;92;2;2;1;76;44;58;68;79;3;3;1;1;1;15;6;5;2;5;6;1;1;1;2;1;2;1;2;4;2;2;2;4;4;5;3;4;3;3;3;4;3;1;1995;1;55;12;0;8;10;2;1;1;2;2;2;1;2;1;1
0;100;80;2;2;3;NA;100;100;50;50;4;3;1;1;1;15;5;2;2;3;4;2;1;1;1;2;2;1;1;2;4;2;5;2;5;2;4;2;5;4;4;4;5;2;2000;1;80;12;6;12;5;1;2;2;1;2;2;2;2;1;1
75;60;80;1;2;1;30;70;80;60;10;3;3;1;1;1;30;5;5;2;2;7;2;1;2;2;2;2;1;1;1;5;4;5;4;4;5;4;5;4;2;4;4;5;1;1996;1;95;20;0;20;10;3;4;1;2;2;2;1;1;2;1
93;38;81;2;2;3;87;65;98;98;96;4;3;1;1;1;10;6;4;3;3;6;2;1;2;2;1;1;1;2;4;3;2;3;4;5;3;3;3;4;2;4;4;4;2;2000;2;68;4;0;14;10;2;2;2;1;1;1;2;2;1;3
2;100;30;3;1;1;20;100;75;100;51;3;2;2;2;2;2;5;4;5;7;5;2;1;2;1;1;2;2;1;1;5;5;5;3;4;1;5;5;4;1;4;2;2;1;2000;1;70;8;0;8;12;2;3;2;2;2;2;2;3;2;1
28;82;50;2;2;3;29;64;55;56;5;4;4;1;1;1;15;4;2;2;4;6;2;1;2;1;2;1;1;2;3;4;4;4;4;4;3;3;4;3;2;4;2;5;2;1998;1;70;5;0;4;6;2;2;2;2;1;1;2;2;1;3
1;100;24;3;2;1;1;100;56;44;46;2;2;2;2;2;0;4;6;4;6;4;2;1;2;1;1;2;2;1;2;5;4;5;3;2;3;4;4;4;2;4;2;4;1;1998;1;80;20;0;10;10;4;3;2;1;2;2;2;3;1;1
19;86;95;1;1;1;3;67;86;84;24;3;3;1;1;1;10;4;5;6;6;6;2;1;2;2;1;2;1;3;1;1;4;1;4;4;2;3;3;4;4;4;3;3;2;1998;1;77;5;0;10;15;4;4;2;1;2;2;1;1;2;1
90;10;82;2;2;1;90;10;49;51;100;4;2;2;2;2;0;7;5;2;6;6;2;1;1;1;2;1;1;1;1;5;3;5;5;5;5;5;4;4;2;4;2;4;1;2000;1;87;15;0;12;15;3;3;2;1;2;2;2;2;1;1
60;90;40;2;1;1;20;80;70;40;5;4;5;2;2;2;2;5;7;3;3;4;2;1;2;1;2;1;1;1;2;5;5;5;3;4;2;4;4;3;2;3;5;1;1;1998;1;75;5;2;15;20;1;4;1;2;1;2;1;2;2;1
40;82;77;1;1;2;35;77;68;75;39;4;3;2;1;1;10;4;5;3;5;5;2;1;2;2;1;1;1;2;2;5;3;4;4;4;4;5;2;4;3;5;4;4;2;1999;1;80;15;0;10;15;3;3;2;1;2;1;2;1;2;2
15;98;79;3;2;3;16;82;86;50;9;2;2;1;1;2;5;2;2;2;4;6;2;1;2;1;1;2;2;1;1;4;4;4;3;4;3;3;3;4;3;4;3;3;2;1995;2;79;16;0;4;12;2;1;1;1;2;2;1;3;1;3
0;100;70;1;2;3;50;50;50;50;33;3;2;2;2;2;3;6;1;1;3;7;2;1;2;1;1;1;1;1;1;5;4;5;3;4;3;5;2;5;1;5;1;4;1;2000;2;70;0;18;10;4;2;2;2;2;2;1;2;1;1;3
20;100;50;2;2;1;40;70;80;70;50;4;3;1;1;1;10;3;6;5;2;4;1;1;2;2;1;1;2;1;1;4;4;4;4;2;4;4;4;4;4;3;4;2;1;2000;1;75;8;0;10;20;1;1;2;1;1;2;2;2;1;1
85;15;75;2;1;1;75;25;81;80;100;3;3;2;2;2;2;6;2;1;5;7;2;1;1;1;2;1;1;1;2;5;4;5;3;4;4;4;2;4;4;4;2;3;1;1999;1;20;0;0;8;2;3;1;2;1;1;2;2;2;2;1
4;99;42;3;2;2;23;100;96;85;89;4;4;2;1;1;20;5;3;4;5;6;1;1;2;1;2;2;2;5;3;4;4;4;4;5;4;5;4;4;3;4;2;5;2;1999;1;78;0;0;10;7;2;1;2;2;1;1;1;3;1;2
10;90;75;1;1;3;10;90;75;75;10;3;2;1;1;2;5;4;3;2;6;6;2;1;2;1;2;1;1;2;2;4;4;3;4;4;3;4;3;5;3;1;2;4;2;1998;1;78;30;0;6;15;1;1;2;1;2;1;1;1;1;3
76;77;92;2;2;3;20;90;52;66;32;2;5;2;2;2;0;6;1;3;6;2;2;1;1;1;2;1;2;1;1;5;1;5;4;4;2;3;4;4;3;4;4;5;1;1999;1;85;5;0;12;15;1;4;2;2;2;1;2;2;1;3
11;92;30;3;2;1;50;50;54;84;32;2;3;1;1;1;20;3;2;3;4;5;1;2;2;1;2;2;2;1;1;5;2;5;1;4;3;3;1;5;4;5;1;5;2;2000;1;75;8;2;10;30;1;4;2;1;1;2;2;3;1;1
9;100;40;3;1;1;30;81;90;50;30;1;1;2;2;2;3;5;5;5;3;4;2;1;1;1;1;1;2;1;3;4;4;5;2;4;2;4;1;4;3;4;2;2;1;1998;1;81;10;0;10;40;1;1;2;1;1;2;2;3;2;1
70;80;90;1;1;1;50;50;65;75;75;3;2;1;1;1;15;6;3;2;6;5;2;1;2;1;1;2;1;2;3;4;3;4;2;4;2;4;4;4;2;4;3;4;2;1999;1;75;20;0;10;20;3;3;2;1;2;2;2;1;2;1
0;100;80;1;1;3;30;70;40;80;65;3;3;2;2;2;2;4;5;3;6;6;2;2;1;2;1;2;2;1;1;5;5;5;3;4;1;4;1;5;2;5;2;5;1;2000;1;65;20;0;12;2;3;2;2;1;2;2;2;1;2;3
0;100;40;3;2;3;30;70;30;80;100;4;4;1;1;1;20;3;3;3;2;3;2;1;1;1;2;1;2;1;2;4;4;5;3;5;1;4;2;4;2;5;4;5;1;1996;1;70;20;0;10;16;4;4;1;1;2;2;1;3;1;3
50;90;80;3;1;3;35;85;70;75;77;3;3;1;1;2;6;7;5;2;4;7;1;1;1;1;2;1;1;4;3;2;1;1;1;4;4;5;5;5;2;3;3;5;1;1999;1;67;0;0;8;1;3;2;2;2;2;2;2;3;1;1
0;100;65;2;1;1;90;10;100;75;71;4;2;1;1;1;10;5;4;6;3;2;2;1;2;1;2;2;1;1;3;4;4;5;3;4;4;5;1;4;1;4;3;4;1;1999;1;75;9;0;8;20;3;3;2;1;2;2;2;2;1;2
10;50;20;2;1;1;10;90;76;60;60;3;3;1;1;1;10;4;4;6;6;4;1;1;2;2;1;1;2;1;2;4;4;5;4;5;4;2;3;4;3;4;4;5;1;1997;1;80;10;0;8;48;3;2;1;1;2;2;2;2;2;1
70;90;100;1;2;1;30;80;100;70;49;2;2;1;1;1;15;5;4;3;6;6;2;1;2;2;2;1;1;1;2;4;4;4;3;4;1;4;3;5;3;3;2;4;1;2000;1;70;8;2;5;5;3;2;2;1;2;1;2;1;1;1
20;82;63;3;1;1;1;100;73;75;81;2;3;1;1;1;40;6;5;2;3;7;1;1;1;2;1;1;1;1;5;4;2;4;2;5;1;2;3;5;2;2;4;5;2;2000;2;71;10;0;10;30;3;2;2;1;2;1;1;3;1;1
20;70;50;3;2;1;35;80;40;100;80;4;3;2;2;2;0;1;4;7;1;1;2;1;2;1;1;1;1;1;1;5;5;5;3;5;1;4;4;4;2;5;4;5;1;2000;1;75;20;0;12;8;3;4;2;2;2;1;2;3;1;1
20;95;80;1;1;3;19;80;30;87;34;2;3;1;1;1;10;6;3;4;6;3;2;1;2;2;1;1;1;1;3;4;2;5;4;4;3;3;4;3;3;4;2;2;2;2000;2;75;10;0;8;8;1;1;2;2;2;2;2;1;2;3
55;77;61;2;2;2;50;50;47;73;85;3;2;2;2;2;3;4;4;3;3;5;1;1;1;2;2;1;2;1;3;4;4;4;4;5;3;4;3;4;3;4;3;4;2;1999;1;71;14;1;2;20;3;1;2;1;2;1;2;2;1;2
50;50;80;1;1;1;50;50;35;65;80;3;4;2;1;1;10;7;6;4;5;4;2;1;2;1;2;1;1;1;1;5;5;5;2;2;3;3;1;2;5;5;1;4;1;2000;1;60;30;0;10;5;2;1;2;2;2;2;2;1;1;1
0;100;70;3;1;3;0;100;75;73;75;1;5;2;2;2;0;3;NA;6;2;7;2;2;1;1;2;1;1;1;1;5;5;5;2;2;1;4;5;4;1;5;1;3;1;1995;1;80;0;0;8;60;2;1;1;2;2;1;1;3;2;3
10;90;85;1;2;3;40;60;70;70;60;4;3;2;2;2;0;4;5;2;5;5;2;1;1;1;1;1;1;1;2;4;4;5;2;4;2;4;3;4;3;4;2;3;1;1999;1;80;6;0;5;12;3;4;2;1;2;2;1;1;1;3
72;59;80;2;1;3;83;33;74;39;79;3;2;1;1;1;40;4;4;4;7;4;2;1;2;2;1;1;1;3;4;2;4;4;3;3;3;NA;4;2;4;2;4;4;1;1997;2;64;30;0;10;25;1;1;2;2;2;2;1;2;2;3
30;70;50;2;2;2;60;40;70;60;80;1;3;1;1;1;20;6;1;2;2;5;2;1;2;1;2;1;2;2;2;3;2;3;1;2;4;3;5;5;2;4;4;5;2;1998;1;70;6;0;12;6;2;4;2;2;1;2;2;2;1;2
70;60;75;2;1;3;75;40;10;50;70;1;2;1;1;1;15;5;4;2;5;6;2;2;1;1;1;1;2;1;3;4;3;4;4;4;1;4;2;5;2;4;2;4;2;1998;1;70;16;0;12;20;2;3;2;2;1;1;2;2;2;3
0;100;40;3;2;1;20;80;40;70;60;3;4;1;1;1;25;5;2;1;6;5;2;1;1;1;1;1;1;1;1;5;5;5;3;5;2;5;2;4;1;4;1;2;1;1999;1;75;16;0;12;12;3;1;2;1;2;2;2;3;1;1
45;65;20;2;1;3;40;65;75;75;30;2;5;2;2;2;0;4;6;6;7;5;1;1;1;1;2;2;1;1;1;5;5;5;4;2;5;5;5;2;3;4;2;4;1;2001;2;60;0;0;6;3;1;1;2;2;2;2;1;2;2;3
41;76;83;2;1;1;19;80;54;70;84;1;1;2;2;2;3;5;4;3;4;4;1;1;2;2;2;2;2;2;3;4;4;4;3;4;3;3;4;4;3;4;3;4;2;2000;1;73;3;0;8;4;3;2;2;2;2;2;2;2;1;2
80;100;100;1;1;3;60;90;95;90;90;2;2;1;1;1;10;6;5;3;5;5;2;1;1;1;1;1;1;2;2;2;4;2;4;5;2;2;3;4;2;4;4;4;1;1999;1;70;0;0;10;30;1;2;2;2;1;2;1;1;2;3
19;81;50;2;2;1;40;60;60;30;10;2;3;1;1;2;5;6;5;2;6;6;2;1;2;1;1;2;2;1;1;5;4;5;4;4;4;4;2;5;4;3;3;2;1;1996;1;60;20;0;6;10;1;1;2;1;1;2;2;2;1;1
71;71;81;2;2;1;51;53;75;74;62;4;4;2;1;1;10;6;2;1;4;6;2;1;2;1;1;1;1;2;2;4;3;3;3;4;2;3;3;4;3;3;3;4;1;2000;1;72;6;0;10;25;2;1;2;1;2;2;2;2;1;1
0;100;10;3;1;2;NA;100;50;30;20;3;2;1;1;1;10;1;5;1;4;6;2;1;1;1;1;1;2;2;3;4;2;4;4;3;3;2;4;4;4;5;2;4;2;2000;1;80;7;0;10;8;1;1;2;1;2;2;2;3;2;2
10;95;97;1;1;2;75;75;50;80;40;2;2;2;2;2;2;5;4;3;2;5;2;1;2;1;2;2;1;1;2;4;4;5;4;5;4;2;4;4;1;5;5;5;2;1999;1;80;12;0;12;30;1;1;2;1;2;1;2;1;2;2
6;100;29;1;1;2;15;100;50;83;70;3;2;2;2;2;0;6;4;4;2;4;2;1;2;1;1;1;2;1;3;5;3;5;3;3;3;3;3;3;3;3;3;3;1;1998;1;68;20;0;10;20;4;1;2;2;2;1;1;1;2;2
0;100;30;3;2;3;50;50;40;60;20;2;2;2;1;1;20;6;3;5;6;6;1;2;1;1;1;2;2;2;1;2;4;2;3;4;2;2;1;4;1;4;5;4;1;1999;1;70;12;0;9;20;2;2;2;2;1;1;1;3;1;3
70;50;15;3;2;2;75;53;45;46;61;4;3;1;1;1;25;6;2;1;2;7;1;1;2;2;2;2;2;3;2;3;2;1;4;5;2;3;2;2;2;4;4;4;2;1997;1;72;8;0;20;30;4;4;2;2;2;2;2;3;1;2
100;30;70;1;2;3;100;0;30;60;80;3;5;1;1;1;20;7;4;1;5;7;2;1;1;1;1;1;2;3;1;3;5;3;1;5;3;4;1;4;5;4;2;5;1;1995;1;30;0;12;15;24;4;1;1;2;2;1;1;1;1;3
50;50;74;2;1;1;70;24;86;63;46;3;3;2;2;2;2;5;4;3;5;3;2;1;2;1;2;2;2;1;1;1;4;2;3;5;4;5;1;5;1;4;1;4;1;1999;1;60;8;0;12;12;1;1;2;2;2;1;1;2;2;1
10;100;70;3;1;2;0;100;100;50;50;3;3;1;1;1;15;6;4;2;5;5;2;2;2;1;2;2;2;1;2;5;3;5;1;5;3;4;4;4;3;2;2;2;1;2000;1;50;1;0;5;5;2;1;2;2;2;2;2;3;2;2
15;85;37;3;1;1;0;74;71;53;75;2;1;1;1;1;10;2;1;1;2;7;2;1;1;1;2;1;2;5;3;2;1;1;1;5;3;3;4;5;3;5;3;5;2;1995;1;24;16;8;28;30;3;1;1;1;2;2;1;3;2;1
40;90;75;1;1;1;90;35;90;70;15;4;2;1;2;2;2;3;5;1;3;5;2;2;2;1;2;2;2;2;2;3;4;5;4;5;3;4;3;3;2;4;1;4;1;1997;1;50;0;0;9;7;3;1;2;1;2;1;2;1;2;1
20;100;7;3;2;2;100;NA;94;79;82;2;2;1;1;1;30;4;5;3;5;6;2;1;2;2;1;2;2;2;3;3;2;3;3;4;4;3;4;4;2;3;4;4;2;1998;1;60;15;0;2;8;3;2;2;2;2;2;1;3;1;2
15;85;80;1;2;1;15;85;30;70;60;2;2;1;1;1;10;2;5;2;7;5;2;1;1;1;1;1;2;1;2;4;4;5;4;5;1;3;4;2;1;3;4;4;1;1999;2;85;0;12;10;35;2;1;2;2;2;1;1;1;1;1
0;100;60;3;1;2;0;100;100;75;50;2;2;2;2;2;0;5;6;2;3;6;1;2;2;2;2;2;2;2;1;5;5;4;5;5;4;5;2;1;5;5;2;4;2;2000;1;0;5;5;15;25;3;4;2;2;2;2;2;3;2;2
18;88;39;3;1;1;72;32;46;78;41;3;3;1;1;1;15;2;3;2;3;6;2;2;2;1;2;1;2;1;2;4;2;5;4;5;3;3;1;4;1;4;2;2;2;1998;1;73;26;0;4;6;3;3;2;1;2;2;2;3;2;1
0;100;67;1;2;3;50;56;60;66;67;2;2;1;1;1;15;6;3;6;3;6;1;1;2;2;1;1;1;1;4;4;4;4;2;5;3;4;2;1;2;4;4;4;2;2000;2;72;0;0;35;15;2;1;2;1;2;2;1;1;1;3
60;100;93;1;1;2;27;93;81;87;31;1;1;1;1;1;20;6;2;3;6;6;2;1;1;2;1;1;1;2;2;4;4;4;4;5;3;3;2;5;2;4;4;5;1;1999;1;82;0;0;0;15;3;1;2;2;2;2;2;1;1;1
0;100;60;3;2;1;0;100;60;40;50;2;1;1;1;1;10;6;4;2;6;5;2;2;2;1;2;1;1;1;3;4;4;5;4;4;4;5;3;2;1;4;1;4;1;1998;1;61;8;1;10;15;3;3;2;2;2;2;2;3;1;1
30;100;100;1;2;1;50;50;80;70;50;1;1;1;1;1;30;1;5;2;6;5;2;1;2;1;2;2;2;1;3;5;4;5;3;4;2;4;2;5;3;3;4;4;2;2000;1;75;15;0;10;15;3;4;2;2;2;1;2;1;1;1
81;80;100;3;1;1;50;50;100;43;68;3;2;2;2;2;0;7;1;1;5;6;1;1;2;2;2;1;2;1;2;5;4;5;5;4;4;4;4;1;3;4;4;5;1;1999;1;92;32;0;6;20;3;3;2;2;2;2;2;3;2;1
0;40;41;3;2;2;18;61;74;52;31;3;2;2;1;1;10;4;5;2;6;3;2;2;2;2;1;2;2;1;1;5;4;5;3;4;2;5;2;5;1;5;2;5;1;1999;1;65;10;10;2;6;3;2;2;1;2;2;2;3;1;2
100;100;100;2;1;1;60;60;75;70;20;1;2;1;1;1;20;7;2;5;4;7;2;1;2;1;2;1;2;3;3;2;1;2;4;4;4;5;4;5;4;4;2;4;1;1997;1;70;10;8;10;16;1;2;2;2;2;1;1;2;2;1
30;70;70;1;2;1;40;60;66;55;35;2;2;2;2;2;2;7;3;3;3;6;2;1;2;2;1;1;2;1;1;5;5;5;4;4;4;4;5;5;2;4;3;4;2;2000;1;77;10;0;4;4;2;1;2;1;2;2;2;1;1;1
29;75;24;3;1;3;14;90;63;44;53;4;4;1;1;1;10;5;5;2;3;6;2;1;2;1;2;1;1;1;4;2;2;4;5;4;3;2;4;2;2;4;4;3;2;2000;1;70;2;0;6;20;2;1;2;1;2;2;2;3;2;3
10;100;80;1;1;3;20;100;40;80;35;4;2;2;2;2;2;3;5;7;6;1;2;1;2;2;1;2;1;1;2;5;5;5;4;5;4;2;4;2;4;2;5;5;2;1999;1;60;0;0;12;20;3;1;2;1;2;1;2;1;2;3
32;68;50;2;2;3;53;48;56;86;24;4;4;1;1;1;15;7;6;1;6;7;2;1;1;1;1;1;2;2;4;4;4;3;4;2;3;3;1;3;2;4;3;4;1;2000;1;74;0;1;8;8;2;1;2;2;2;2;2;2;1;3
80;20;80;1;1;2;90;10;40;90;15;4;4;2;1;2;5;5;2;3;2;3;2;1;2;1;1;1;2;1;3;3;3;4;4;5;3;4;1;4;2;3;2;3;1;2000;1;75;10;0;12;15;3;2;2;2;2;2;2;1;2;2
7;100;85;3;2;3;71;38;55;90;45;3;2;2;1;2;5;2;7;6;3;2;2;1;2;1;1;2;1;1;2;5;5;5;2;5;2;4;1;5;4;4;1;4;1;1997;1;75;10;4;16;16;3;4;1;2;1;1;2;3;1;3
40;60;15;2;2;3;40;60;70;45;60;3;2;1;1;1;15;5;5;3;5;6;2;1;2;2;2;2;1;1;2;3;2;4;3;5;4;5;2;4;4;4;2;4;1;2000;1;60;20;0;8;8;3;3;2;2;2;2;2;2;1;3
0;100;90;2;2;2;20;90;80;60;50;3;3;1;1;1;10;3;1;2;4;7;1;2;2;1;2;1;1;2;3;3;4;2;1;5;3;3;3;5;3;4;4;3;2;1998;1;85;12;0;10;20;1;3;2;2;1;1;2;2;2;2
29;86;87;1;2;3;50;50;79;79;50;4;3;2;1;2;6;6;4;2;6;5;2;1;2;2;1;1;2;1;2;1;2;1;4;5;3;3;2;5;2;2;2;5;1;1998;1;55;15;0;10;30;3;4;2;1;2;2;2;1;2;3
40;60;40;2;2;1;100;NA;40;60;50;2;5;1;1;1;12;3;1;3;5;7;1;1;1;2;1;2;2;2;1;4;1;2;2;4;5;5;2;4;3;4;2;5;2;1998;1;65;0;0;0;15;2;3;2;1;1;2;2;2;1;1
82;9;85;2;1;2;50;50;75;75;77;3;2;1;1;1;10;6;2;3;5;6;2;1;2;2;2;1;1;2;2;4;2;4;4;4;4;3;4;5;3;2;3;4;1;2000;1;49;10;0;5;15;1;1;2;2;1;2;2;2;2;1
75;50;91;1;2;1;80;40;70;90;50;1;1;1;1;1;15;6;2;3;5;4;2;2;2;1;1;1;1;2;2;3;4;4;3;5;1;4;2;3;3;5;2;5;2;1997;1;55;20;0;8;8;4;1;1;1;2;2;1;1;1;1
0;100;80;1;1;1;30;70;20;45;75;3;2;1;1;1;10;4;2;3;5;4;2;1;2;2;2;1;2;1;1;5;5;5;1;5;4;4;5;5;1;4;2;5;1;1999;1;80;6;0;10;10;3;2;2;1;2;2;2;1;1;1
61;87;78;1;1;3;27;64;85;84;69;3;4;2;2;2;0;5;4;1;3;7;2;1;1;1;1;1;1;1;3;4;4;5;1;5;3;4;3;5;2;3;3;3;1;2000;1;68;12;2;10;5;3;2;2;2;2;2;2;1;2;3
80;60;60;2;1;3;70;30;40;100;70;1;1;2;2;2;0,2;3;2;3;6;2;1;1;2;1;2;1;1;1;1;4;5;5;1;4;4;5;4;5;3;4;1;4;1;2000;1;86;16;0;4;4;1;1;2;1;2;1;2;2;2;3
25;75;51;2;1;2;20;70;50;50;61;2;2;1;1;1;15;5;2;3;3;6;2;1;2;1;2;1;1;3;4;4;4;3;2;4;4;3;4;5;2;4;4;3;2;1996;1;60;20;0;8;20;1;1;1;2;2;2;1;2;1;2
40;91;86;2;2;1;29;84;100;65;100;3;2;1;1;2;5;3;5;2;5;6;2;1;2;2;2;1;1;1;3;5;5;5;4;5;5;5;4;2;3;5;3;4;2;1998;1;49;35;0;0;5;3;1;2;2;2;2;2;2;1;1
86;30;100;2;2;3;20;80;71;80;NA;4;4;2;2;2;2;6;7;2;6;4;2;2;1;2;2;2;2;1;1;5;2;5;3;4;4;3;2;4;3;3;2;2;1;1999;1;85;0;0;6;60;1;3;2;1;2;2;2;2;1;3
0;80;61;1;1;3;50;50;70;80;60;3;3;2;1;1;20;2;6;3;7;6;2;1;2;1;2;1;2;1;4;3;4;5;4;4;1;5;5;5;3;5;1;5;1;1999;1;75;22;0;5;2;4;1;2;1;2;2;2;1;2;3
20;90;65;1;2;3;17;83;76;65;61;4;2;1;1;1;15;4;6;3;5;5;2;1;2;1;1;1;1;2;2;4;4;4;3;4;2;3;4;4;4;4;2;4;1;1999;1;87;0;0;6;6;3;1;2;2;2;2;2;1;1;3
1;76;44;2;2;1;0;65;61;85;93;2;1;2;1;2;5;2;1;3;4;5;2;1;2;2;2;1;1;1;1;4;3;5;4;4;5;1;5;3;3;4;5;4;2;1997;1;79;20;0;5;2;3;3;2;2;2;2;2;2;1;1
10;45;12;2;1;1;5;55;0;70;15;2;3;1;1;1;20;5;4;5;6;3;1;1;2;2;2;1;1;1;1;4;4;5;3;4;2;5;4;5;3;4;1;5;1;1996;1;35;20;0;1;1;4;1;2;1;2;2;2;2;2;1
20;90;40;3;1;2;35;95;35;100;80;2;1;1;1;1;10;6;3;2;3;4;1;1;2;1;2;1;1;1;2;2;3;5;2;4;2;5;4;4;1;5;1;5;1;1993;1;100;14;0;14;25;3;3;1;1;2;2;1;3;2;2
27;80;55;3;2;2;21;90;97;36;46;3;2;1;1;1;12;3;2;3;5;7;1;1;2;1;2;2;2;1;4;5;2;2;5;5;5;4;5;4;2;2;4;5;1;2000;1;66;8;2;10;2;3;3;2;1;2;2;2;3;1;2
65;90;81;2;2;2;NA;100;31;70;60;4;3;1;1;1;10;2;7;5;6;6;2;1;1;1;2;1;1;2;2;4;2;4;4;4;4;4;2;5;4;5;2;4;1;2000;1;70;4;0;10;7;3;4;2;2;2;2;2;2;1;2
0;100;91;1;1;3;50;50;80;60;75;4;4;2;2;2;0;2;6;5;7;3;1;2;2;1;2;1;1;1;1;1;1;5;3;4;1;5;4;4;3;3;2;5;1;2001;1;65;12;0;6;2;3;1;2;1;2;2;2;1;2;3
0;100;100;1;1;1;100;NA;100;21;20;2;3;1;1;1;7;5;4;2;5;4;1;1;2;1;2;2;1;1;1;5;5;5;4;4;5;3;1;3;2;3;4;5;1;1996;1;80;0;0;0;10;2;1;2;1;2;1;2;1;1;1
50;90;40;2;2;1;30;80;92;71;75;2;3;2;1;1;20;5;2;2;1;7;2;1;2;1;2;1;2;1;3;2;2;5;4;2;4;5;4;2;2;4;2;4;2;2000;2;75;0;5;12;10;2;1;2;2;2;1;1;2;1;1
50;50;100;1;2;3;60;40;75;58;27;2;2;1;1;1;16;5;3;3;6;5;2;2;2;1;1;1;1;1;1;5;5;5;3;4;4;4;2;5;2;2;4;2;1;1999;1;81;9;0;9;12;1;4;2;1;2;1;2;1;1;3
30;70;60;3;1;1;66;46;78;48;60;1;3;1;1;1;8;3;1;3;4;7;2;1;2;1;1;1;2;2;4;1;1;2;4;4;2;3;1;5;4;5;2;5;2;1993;1;68;15;0;20;25;2;1;2;1;2;2;2;3;2;1
74;100;52;2;1;2;20;55;30;57;57;2;2;1;1;2;5;4;5;5;6;4;2;1;2;1;2;2;1;1;3;4;4;4;4;5;1;4;3;4;3;3;2;3;2;1997;1;52;25;0;8;25;3;4;1;1;2;2;1;2;1;2
0;100;75;1;1;3;0;100;100;0;0;2;5;2;1;2;5;6;2;2;4;6;2;1;2;2;2;1;2;1;2;4;3;4;4;4;4;2;4;2;3;4;4;4;1;2000;2;60;16;3;6;1;2;2;2;2;2;2;1;1;2;3
0;100;70;3;2;1;0;100;75;60;40;2;1;1;1;1;20;6;5;2;2;6;1;1;2;1;2;1;2;1;4;4;2;1;5;5;4;2;4;5;1;5;4;5;1;2000;1;73;0;0;4;3;2;1;2;2;1;1;2;3;1;1
60;40;60;2;1;2;70;40;65;75;70;1;3;1;1;1;10;7;4;1;2;7;2;1;1;1;1;1;2;4;4;2;2;2;5;1;2;4;2;2;4;5;2;4;1;1995;1;70;10;10;8;35;3;5;1;1;2;1;2;2;2;2
0;100;64;3;2;2;21;85;52;54;42;1;5;1;1;2;5;4;2;6;2;3;1;2;2;1;2;2;2;1;2;5;5;5;2;4;2;2;2;5;3;4;4;4;2;2001;1;64;2;0;4;25;2;3;2;1;1;2;2;3;1;2
0;100;50;3;2;3;10;100;81;42;9;2;5;2;1;1;10;6;6;3;3;3;2;1;2;1;2;1;2;1;1;5;5;5;1;5;2;4;2;5;2;4;2;5;1;2000;1;20;32;4;0;8;2;4;2;1;1;2;1;3;1;1
60;40;40;1;1;3;55;45;55;45;NA;3;3;1;1;1;15;6;2;2;5;7;2;1;2;1;2;2;2;2;4;4;2;3;3;5;1;3;1;5;1;4;3;3;2;1998;1;80;12;0;12;25;1;1;2;1;1;2;1;1;2;3
6;85;65;3;2;3;23;85;90;100;99;4;3;1;1;1;30;6;4;5;4;6;2;1;1;1;2;2;1;1;2;4;5;5;4;5;4;3;1;4;2;5;3;4;1;1997;1;69;32;0;4;16;3;1;2;1;2;2;2;3;1;1
2;83;66;1;1;1;8;58;75;68;72;3;3;2;2;2;0;3;6;5;6;4;1;1;2;2;2;1;2;1;1;4;4;4;2;4;5;2;5;5;4;4;4;5;2;1996;1;44;3;3;5;4;2;1;1;2;1;2;2;1;2;1
10;90;60;1;1;2;NA;100;100;NA;NA;3;3;2;2;2;0;5;4;4;5;5;1;2;2;2;1;2;2;1;1;5;5;5;3;1;4;4;2;3;2;4;3;5;1;2000;1;90;0;0;16;16;3;3;2;1;2;2;2;1;2;2
50;75;85;1;2;3;30;78;60;90;46;4;3;1;1;1;20;5;1;1;3;7;1;1;2;1;1;1;2;2;4;1;2;1;4;5;4;2;5;5;3;5;4;3;2;2000;1;67;5;1;10;21;3;1;2;1;2;2;2;1;1;3
0;100;100;3;2;1;100;10;50;10;0;2;3;1;1;1;7;6;1;1;2;7;2;1;2;1;1;1;2;4;5;1;1;1;1;5;1;1;1;5;2;5;4;5;2;2000;2;45;6;15;8;50;2;1;2;2;2;1;1;3;1;1
30;70;75;2;1;3;45;60;90;80;65;3;2;1;1;1;10;5;6;2;3;5;2;1;1;1;1;2;1;1;2;5;5;5;4;2;1;5;5;4;4;5;2;4;1;1999;1;75;17;4;10;20;2;1;2;1;1;2;2;2;2;3
0;100;30;3;2;3;10;91;43;82;46;2;2;2;1;2;5;5;6;6;6;4;1;1;2;1;1;1;2;1;1;4;1;5;3;5;4;4;2;5;3;4;2;3;1;2000;1;68;10;0;8;8;2;1;2;1;1;2;2;3;1;3
30;80;75;2;2;1;80;10;65;45;35;4;3;1;1;1;12;6;4;2;6;6;1;1;1;2;1;1;2;2;2;4;2;4;4;3;1;4;4;2;3;5;2;5;1;2000;1;75;6;3;12;28;3;4;2;2;1;1;2;2;1;1
30;80;70;1;1;2;40;82;71;82;51;2;2;1;1;2;5;3;5;4;5;5;1;2;1;2;2;1;1;2;3;4;4;4;2;4;3;4;5;3;3;4;4;3;2;1999;1;82;4;0;8;20;1;3;2;1;2;2;1;1;2;2
9;80;50;2;2;2;33;78;80;50;50;3;3;1;1;1;10;6;2;1;2;7;2;1;1;1;2;1;2;2;3;2;2;2;4;2;5;4;4;2;2;2;4;4;1;1998;1;43;20;0;10;12;2;1;2;2;2;2;2;2;1;2
28;84;89;1;1;1;4;94;52;37;68;1;4;1;1;1;20;6;3;3;6;6;2;1;1;1;1;1;1;4;3;2;4;2;4;5;2;4;3;4;3;4;3;3;2;1998;1;61;16;5;4;10;3;4;2;2;2;2;2;1;2;1
24;76;70;1;2;2;70;30;57;41;72;2;3;1;1;1;30;5;4;2;2;5;2;1;1;1;1;1;2;2;3;3;3;3;4;4;2;3;4;5;2;5;3;4;1;1998;1;81;10;4;2;20;2;2;2;1;1;2;2;1;1;2
0;100;60;2;1;1;10;90;50;80;50;2;3;1;1;1;10;5;6;5;6;3;2;1;2;1;2;1;1;1;2;2;2;2;4;NA;2;4;2;4;4;2;4;4;1;1999;1;40;16;0;4;6;3;3;2;1;2;2;1;2;2;1
60;80;70;2;1;2;60;70;80;70;60;3;3;1;1;1;10;2;2;2;6;6;2;1;1;1;1;1;2;2;2;3;2;4;2;5;2;2;4;5;3;5;5;4;2;1999;1;70;0;0;10;15;1;2;2;2;1;2;2;2;2;2
37;95;20;2;2;1;61;45;81;100;72;3;5;2;1;1;20;6;2;1;2;7;2;1;1;1;1;1;2;2;4;4;2;2;4;4;2;1;5;1;1;1;5;1;2;2000;2;24;0;0;5;60;2;1;2;2;2;1;1;2;1;1
10;80;90;2;2;2;20;90;65;90;85;4;3;2;2;2;3;5;3;1;5;6;2;1;2;1;1;2;2;1;3;4;5;5;4;5;2;4;4;2;3;5;4;5;1;2000;1;75;0;0;8;8;3;3;2;1;2;2;2;2;1;1
29;78;56;2;2;2;80;14;91;61;44;3;3;2;1;1;10;5;6;2;4;5;1;2;2;2;2;1;1;1;3;2;2;5;2;4;3;4;4;5;3;2;3;3;1;1998;1;68;16;0;4;5;3;3;2;1;2;2;2;2;1;1
0;100;80;1;1;2;30;70;70;70;60;3;4;2;2;2;0;5;4;2;7;2;2;2;2;2;2;1;2;1;2;5;2;5;2;4;4;5;4;5;2;4;1;3;1;1996;1;85;20;0;20;10;3;2;2;1;2;2;2;1;2;2
71;51;61;2;1;2;100;6;4;5;100;4;3;1;1;2;6;4;3;6;4;6;2;1;1;1;1;1;1;1;2;3;3;4;3;4;2;1;3;5;2;4;2;5;2;1999;1;71;4;0;4;30;1;1;2;1;1;2;2;2;2;2
50;100;70;1;2;3;30;70;100;35;35;3;2;2;2;2;0;7;1;1;4;7;2;1;1;1;1;1;1;1;1;5;4;1;5;5;2;5;5;4;1;1;2;5;2;1998;1;90;8;0;12;20;3;2;2;1;2;2;2;1;1;3
28;52;35;2;2;1;54;32;61;53;50;1;3;1;1;2;5;6;5;2;3;6;2;1;1;2;2;1;2;1;1;5;4;5;4;4;2;5;4;4;2;4;1;2;1;1999;1;68;8;4;6;18;1;1;2;1;1;2;2;2;1;1
0;100;82;3;2;3;50;50;80;80;50;3;3;1;1;1;10;4;2;2;5;7;2;1;2;1;1;1;1;1;3;2;2;5;4;5;1;3;2;5;2;4;1;4;2;1996;1;83;16;2;12;60;3;4;1;2;2;1;1;3;2;3
30;70;75;2;1;3;30;70;30;70;50;1;1;2;2;2;0;5;2;2;6;2;2;2;2;1;2;1;2;1;1;5;5;5;5;5;5;4;4;4;1;3;2;2;1;2000;1;85;16;0;7;9;2;1;2;1;2;1;2;2;2;3
10;90;60;1;2;3;30;70;60;80;70;4;4;1;1;1;10;6;2;2;1;5;2;1;2;1;1;2;1;2;2;4;4;4;4;4;2;4;4;4;2;5;2;4;1;2000;1;80;10;0;10;15;3;4;2;1;2;1;2;1;1;3
0;100;86;3;1;3;0;100;36;100;100;3;2;1;1;1;15;5;7;6;6;3;2;1;2;1;2;1;1;1;1;5;5;5;4;4;2;5;2;4;3;4;1;5;1;1998;1;71;25;5;20;20;3;1;2;1;2;2;2;3;1;3
5;92;30;3;1;3;40;50;100;67;60;2;3;2;2;2;3;5;5;3;6;5;2;1;1;1;2;1;2;1;2;5;5;5;3;4;2;4;4;4;2;4;3;4;2;2000;1;75;10;0;8;18;2;2;2;1;1;1;2;3;2;1
100;0;100;2;2;2;80;30;0;40;100;3;3;1;1;1;30;6;1;3;3;3;2;1;1;1;1;1;1;2;2;4;4;4;1;5;2;4;5;5;1;5;2;4;2;1994;1;72;20;0;9;5;4;2;2;1;1;1;1;2;2;1
12;94;49;2;1;1;40;74;85;80;44;3;5;1;1;1;15;6;4;3;3;6;2;1;2;2;1;1;2;3;2;4;1;2;3;5;3;4;4;5;4;4;2;4;1;1999;1;65;6;0;10;15;1;3;2;1;1;2;1;2;2;1
0;100;71;3;1;2;21;82;76;87;54;3;2;1;1;1;10;5;3;2;5;5;2;2;2;1;2;2;2;1;2;1;2;5;1;4;2;4;3;5;2;4;2;4;1;2000;1;82;8;0;9;18;2;3;2;1;2;2;1;3;2;2
8;92;28;1;2;3;23;89;65;86;15;3;5;2;2;2;0;3;5;5;6;4;2;1;2;1;1;1;2;1;1;4;4;4;4;4;2;2;4;5;3;4;3;4;2;2000;1;67;8;0;2;5;1;1;2;2;1;2;2;1;1;3
10;90;80;3;2;3;30;80;90;60;10;4;4;1;1;1;10;2;2;2;2;4;1;2;2;1;1;2;1;1;4;4;4;4;4;4;1;1;4;2;2;4;2;4;1;1999;1;80;10;0;20;18;3;4;2;1;2;2;2;3;1;3
0;95;81;3;1;3;0;100;60;59;73;1;5;1;1;1;15;5;6;2;6;6;1;1;1;1;1;2;2;1;1;5;2;5;4;4;1;5;4;4;3;5;2;3;2;2000;2;95;12;0;4;55;2;2;2;1;2;1;1;3;2;3
10;90;50;3;2;2;10;90;80;60;40;3;3;2;1;1;10;5;6;5;7;5;2;1;2;1;1;1;1;1;2;4;4;4;2;5;1;5;4;5;4;4;1;4;1;2000;1;80;8;2;2;30;3;2;2;1;2;2;2;3;1;2
90;75;60;1;1;2;50;70;70;90;100;4;2;2;2;2;0;6;6;3;7;2;1;2;1;1;2;1;2;1;2;5;3;5;1;1;2;4;1;5;4;4;4;5;1;1999;1;50;20;0;10;10;1;3;2;2;1;2;1;1;2;1
11;89;80;1;1;2;77;23;84;60;50;4;3;2;2;2;0;6;4;6;6;4;2;1;2;1;1;1;2;1;3;4;3;5;1;5;2;5;3;5;1;5;1;3;1;2000;1;50;30;0;2;5;3;5;2;1;2;2;2;1;2;2
90;10;85;2;2;2;75;25;40;50;50;3;2;1;1;1;10;2;3;3;3;2;1;1;2;1;1;2;2;1;1;4;5;5;5;5;2;3;4;3;2;5;4;3;2;1998;1;75;0;0;10;15;3;4;1;2;2;2;1;2;1;2
0;80;64;3;2;1;80;0;71;55;20;2;3;1;1;1;20;2;1;2;2;6;2;1;2;1;2;1;1;2;3;4;1;2;3;4;2;4;1;5;2;4;2;5;1;1998;1;65;20;8;2;3;1;1;2;1;1;2;2;3;1;1
25;75;40;3;1;3;30;70;80;50;30;2;2;1;1;1;50;7;2;1;4;7;2;2;1;1;2;1;2;2;2;3;3;4;4;5;3;4;4;4;3;4;2;4;1;1999;1;95;10;1;10;10;3;2;2;1;2;1;2;3;1;1
25;75;70;1;2;2;25;75;70;70;50;3;3;1;1;1;15;6;5;2;3;7;1;1;2;2;1;1;2;4;4;2;2;2;5;5;4;4;4;4;2;4;5;4;2;1999;1;50;17;0;18;2;2;1;2;2;1;2;2;1;2;2
40;60;70;2;1;1;50;50;60;75;50;1;3;1;1;1;10;4;2;3;2;4;2;1;1;1;1;1;2;1;2;5;2;5;2;4;1;3;3;5;2;3;3;4;2;1997;1;40;30;2;2;10;1;1;2;1;2;2;2;2;2;1
33;75;69;1;2;1;78;16;69;37;68;3;4;2;2;2;0;4;3;4;6;3;2;1;2;1;2;1;1;2;2;4;3;4;4;4;3;3;2;3;4;4;2;4;1;1999;1;76;16;0;4;14;3;1;2;1;2;2;2;1;1;1
20;80;70;3;2;3;80;20;50;20;30;4;3;1;1;1;20;5;3;3;5;5;2;2;2;1;2;1;2;2;4;4;4;3;4;4;2;4;1;3;4;4;2;4;1;1999;1;60;6;4;12;15;3;1;2;2;2;2;2;3;1;3
15;80;25;1;1;1;70;30;95;40;25;1;1;1;1;1;10;3;3;1;3;6;2;1;1;1;2;1;1;3;2;2;2;2;2;4;4;4;4;4;2;4;2;4;2;2000;2;75;0;0;6;6;3;2;2;1;2;2;2;1;2;1
0;100;29;3;1;1;50;50;90;80;50;1;1;2;1;1;10;5;2;1;2;7;2;1;2;1;1;1;2;2;2;4;4;4;5;4;4;3;5;2;4;4;4;4;2;2000;1;60;20;0;6;10;3;3;2;2;2;1;2;3;2;1
60;92;74;2;1;3;50;77;85;85;67;3;1;1;1;1;30;3;5;3;5;6;2;1;1;1;2;1;1;1;3;3;2;5;3;5;3;2;2;3;1;2;4;3;2;2000;1;77;8;0;10;3;4;1;2;1;2;2;2;2;2;3
33;67;75;1;1;3;60;40;70;75;50;3;3;1;1;2;5;5;2;1;5;5;2;1;1;1;1;2;2;1;1;5;5;5;4;4;1;5;4;4;2;4;1;3;1;1997;1;80;8;0;10;20;3;4;1;1;2;1;1;1;2;3
10;90;40;1;1;2;7;96;90;70;50;3;3;1;1;1;15;5;1;6;5;5;2;1;1;2;2;1;2;1;1;4;4;5;4;1;3;5;5;5;5;5;1;3;1;2000;1;80;0;0;10;30;3;4;2;1;2;2;2;1;2;2
31;81;20;2;2;2;20;74;58;85;74;3;3;1;1;1;10;5;3;1;3;6;1;2;2;2;2;2;2;1;3;4;3;5;2;2;4;4;4;4;2;3;2;4;2;1997;1;51;0;0;4;4;1;1;2;1;1;2;2;2;1;2
61;90;90;1;1;2;88;10;80;90;60;2;2;1;1;1;15;6;6;3;4;6;2;1;1;1;1;1;2;3;2;3;3;4;2;4;2;4;2;4;4;4;4;3;2;1999;2;75;2;1;16;10;2;1;2;1;2;2;1;1;2;2
39;82;54;2;1;2;NA;91;54;53;72;1;2;1;1;1;23;4;3;2;5;6;1;1;2;1;2;2;2;3;4;2;2;3;2;2;2;3;4;4;2;4;2;4;2;1999;1;61;6;0;5;5;1;2;2;1;1;2;2;2;2;2
50;50;60;2;1;2;25;75;60;90;70;1;2;2;2;2;3;4;4;5;6;4;2;1;2;1;2;2;2;1;2;2;1;1;4;5;2;5;2;4;3;4;2;4;1;1999;1;71;0;5;8;10;3;1;2;1;2;1;2;2;2;2
20;90;50;3;1;1;30;80;100;75;60;1;1;2;1;1;10;5;4;3;5;5;1;1;2;1;1;2;2;2;2;2;4;4;4;4;4;4;2;3;3;4;4;2;2;2000;1;67;8;0;10;5;3;1;2;1;2;2;2;3;2;1
0;100;75;3;2;3;30;70;50;85;75;3;3;2;2;2;0;6;6;5;3;5;1;2;2;1;2;1;2;2;2;4;4;4;2;5;1;4;3;4;2;4;2;3;1;1998;1;75;20;0;8;12;3;2;2;1;2;2;1;3;1;3
1;100;88;3;2;1;51;49;100;2;1;2;3;2;2;2;3;4;4;4;4;4;2;2;2;1;2;2;2;1;3;3;3;2;3;4;5;1;1;4;2;2;5;5;2;2000;1;30;10;0;4;3;3;4;2;1;2;1;2;3;1;1
20;80;40;3;1;2;40;75;61;75;55;4;3;2;2;2;0,01;5;2;5;4;3;2;1;2;1;1;2;1;2;4;3;2;4;2;3;4;2;3;2;4;3;3;4;1;1998;1;80;8;12;16;24;3;1;2;2;2;1;2;3;1;2
10;90;40;3;1;3;50;50;75;60;65;2;3;2;1;1;24;2;6;3;5;4;1;1;2;1;1;1;1;1;2;4;2;2;2;5;3;4;1;5;3;4;3;4;1;1999;1;70;12;1;8;10;3;1;2;2;2;1;2;3;2;1
50;100;85;2;2;2;19;87;96;74;89;4;4;2;1;1;20;5;2;1;5;6;1;2;2;1;2;2;2;1;2;2;3;4;2;5;4;5;4;4;3;4;2;5;2;1999;1;77;0;0;10;7;2;1;2;2;1;1;1;2;1;2
40;80;60;2;1;3;31;80;40;70;40;2;3;2;1;1;10;6;5;5;2;5;2;2;1;1;1;1;1;1;3;5;4;5;2;5;2;4;3;4;2;3;1;4;1;2000;1;39;10;0;15;15;3;3;2;1;1;2;2;2;1;3
0;100;69;3;2;1;8;100;31;57;71;3;4;1;1;1;10;1;3;2;5;6;1;2;2;1;1;1;1;1;4;2;1;4;4;5;3;4;1;4;4;4;4;4;2;1999;1;100;5;0;8;24;2;1;2;1;2;2;1;3;1;1
0;100;40;2;1;3;0;80;50;40;60;3;2;1;1;1;9;3;5;4;5;2;1;2;1;1;1;1;1;1;4;5;4;5;5;4;2;3;5;4;2;3;2;5;1;2000;1;64;12;1;8;2;3;1;2;1;2;2;2;2;1;1
20;80;40;3;1;1;65;35;80;10;5;4;4;1;1;1;15;5;7;2;3;3;2;1;1;1;2;2;1;2;1;2;4;2;4;5;2;1;1;2;2;4;3;5;2;1996;1;75;0;0;5;30;2;3;2;2;2;2;2;3;2;1
10;90;60;3;2;1;40;60;60;50;40;4;2;2;1;1;10;3;6;3;5;3;2;1;2;1;2;2;2;1;2;5;5;5;3;4;4;4;2;4;2;3;2;4;1;2000;1;50;16;7;8;2;3;4;2;1;2;1;2;3;1;1
20;80;40;3;1;2;70;29;70;15;15;4;4;1;1;1;10;6;5;5;6;6;1;2;2;1;1;2;2;2;2;4;5;4;2;4;2;4;1;5;2;5;2;4;1;2000;1;78;10;0;12;18;1;1;2;1;2;2;2;3;2;2
0;100;80;1;1;1;20;80;100;100;50;4;4;2;2;2;0;2;2;6;6;1;2;1;1;2;1;2;1;1;1;5;5;5;3;5;3;2;4;5;4;4;5;3;1;1999;1;75;15;0;15;25;3;1;2;2;2;1;2;1;1;1
19;71;60;1;1;1;40;60;80;20;35;4;3;1;1;1;1500;3;6;4;5;5;2;1;1;1;2;1;1;1;4;4;3;4;2;4;4;2;2;5;3;4;4;4;2;2000;1;40;12;1;4;6;2;1;2;2;1;2;2;1;1;1
0;100;70;3;2;1;10;90;70;60;50;3;3;1;1;1;10;5;3;2;5;6;1;1;1;1;2;1;1;2;3;3;3;3;4;4;3;5;4;5;4;5;2;5;1;1999;1;79;20;3;0;20;3;3;2;1;2;2;2;3;1;1
0;100;40;2;2;1;21;80;71;89;99;4;2;1;1;1;10;5;1;1;5;4;2;2;2;2;2;2;2;1;4;5;2;5;5;4;2;5;1;2;2;5;4;4;1;2000;1;85;20;0;10;10;3;2;2;1;2;2;2;2;1;1
85;75;70;2;1;3;55;85;90;80;80;3;5;2;1;2;5;4;2;2;2;6;1;1;1;1;1;1;2;3;4;3;2;3;4;4;4;2;2;4;3;3;4;4;2;1996;1;70;10;0;10;6;3;2;1;1;2;1;1;2;2;3
10;90;50;2;1;2;NA;100;80;60;60;3;5;1;1;1;10;4;3;2;3;7;2;2;1;2;1;2;2;3;3;2;2;3;2;4;4;2;3;4;2;1;2;5;2;2000;1;70;16;2;10;6;1;1;2;2;2;2;2;2;2;2
19;90;75;1;2;1;16;91;89;25;37;2;5;1;1;1;15;5;4;1;2;7;1;2;2;1;1;1;2;3;5;3;2;3;4;4;3;5;4;3;4;5;2;3;2;2000;2;80;0;8;4;20;2;1;2;2;2;2;1;1;1;1
20;90;70;2;1;1;25;80;75;60;35;2;2;1;1;1;20;3;2;4;6;5;2;1;2;1;1;1;1;1;1;5;4;5;4;4;4;5;5;4;3;5;3;4;1;1998;1;50;14;0;6;20;3;4;2;2;2;2;2;2;2;1
1;100;70;2;2;3;1;100;1;100;NA;4;2;1;1;1;15;5;5;3;5;4;1;1;2;1;2;1;2;1;4;4;4;5;5;4;4;4;5;3;3;3;2;2;1;1998;1;86;0;0;12;40;3;3;1;1;2;2;2;2;1;3
40;80;77;2;2;2;60;68;60;90;47;1;3;2;1;1;20;6;4;3;5;6;1;1;2;1;2;2;2;1;3;5;3;5;2;5;2;4;2;5;4;5;2;4;1;2000;1;78;10;0;5;3;1;1;2;1;1;2;2;2;1;1
40;60;65;2;1;1;50;50;75;25;NA;4;3;2;2;2;0;6;4;4;5;6;2;1;1;1;1;1;1;1;1;1;5;5;2;4;4;4;4;4;1;4;1;3;2;2000;1;70;6;0;15;32;1;1;2;1;2;2;2;2;2;1
80;50;80;1;1;1;80;30;80;65;50;1;2;1;1;1;15;6;5;5;5;4;1;1;1;1;2;1;1;2;3;4;3;4;3;4;4;4;2;3;3;4;2;3;1;1998;1;60;8;0;6;6;1;1;2;2;1;2;2;1;2;1
0;100;72;2;2;3;31;80;57;49;0;3;4;1;1;2;5;4;4;2;3;6;2;1;2;1;2;1;1;2;4;3;1;1;3;5;2;1;2;4;2;4;3;3;2;2000;1;73;18;0;12;10;3;2;2;1;2;2;2;2;1;3
10;90;80;3;1;1;100;0;80;10;10;2;3;1;1;1;8;7;6;2;5;7;2;1;2;1;1;1;2;5;3;1;4;1;1;5;1;4;5;5;2;5;1;2;1;1998;1;75;0;0;12;25;2;4;2;1;1;2;1;3;1;1
5;95;50;2;2;3;NA;100;50;50;NA;1;1;2;2;2;0;6;4;6;6;1;2;1;1;1;2;1;1;1;1;5;5;5;2;5;2;4;1;5;2;5;4;5;1;1996;1;39;18;0;6;10;1;2;2;2;1;2;2;2;1;3
0;100;30;3;2;2;25;75;20;80;30;1;2;2;1;1;15;6;6;2;2;6;2;2;1;1;1;1;1;1;2;5;5;5;1;2;1;3;5;5;4;5;4;5;1;1998;1;55;15;0;0;5;5;1;2;1;1;2;1;3;1;2
20;100;65;2;2;3;NA;80;65;50;15;1;3;2;2;2;0;6;1;2;1;7;1;2;2;1;1;1;2;4;4;3;4;3;2;1;3;1;4;5;1;3;1;5;2;2000;2;100;0;0;4;42;4;1;2;2;2;2;1;2;1;3
71;61;90;1;1;3;90;15;85;70;70;1;1;2;1;1;10;7;2;4;6;3;1;1;2;1;2;2;2;1;1;5;4;5;3;5;1;5;4;4;3;5;2;3;1;2000;1;90;0;0;12;30;5;1;2;2;2;2;2;1;2;3
10;90;65;1;2;2;40;70;85;85;70;4;3;1;1;1;10;6;6;3;4;6;2;1;1;1;1;1;1;1;2;4;4;4;3;4;2;4;2;4;2;4;3;3;1;1998;1;70;18;2;10;15;2;1;2;1;1;2;2;1;1;2
41;59;90;2;2;2;70;31;87;65;48;4;4;2;1;1;10;5;2;3;5;6;2;2;2;1;1;1;2;2;2;2;2;2;4;4;2;4;1;4;1;4;4;4;2;2000;2;61;2;2;12;20;1;4;2;1;2;2;1;2;1;2
0;100;80;3;2;2;30;70;75;65;30;3;5;2;1;1;15;6;6;2;3;6;2;1;1;1;1;1;1;2;2;4;2;5;3;5;3;4;4;3;3;4;2;4;1;1998;1;80;8;0;20;7;3;3;2;2;2;2;2;3;1;2
0;100;30;3;1;2;0;100;85;40;30;2;2;1;1;1;15;2;6;3;2;5;1;2;2;1;2;2;2;1;4;4;2;5;4;4;1;2;5;4;3;5;4;2;1;1995;2;20;0;0;16;25;2;2;2;2;2;2;2;3;1;2
41;75;90;2;1;2;45;75;60;60;40;1;1;1;1;1;7;5;5;2;5;6;2;1;1;1;1;1;1;2;3;4;2;4;4;5;3;1;4;2;1;4;5;4;2;1999;1;65;8;0;10;27;3;2;2;1;2;2;2;2;1;2
20;86;80;3;2;3;50;50;75;75;65;2;3;2;2;2;0;5;5;3;6;5;2;1;2;1;1;1;1;1;2;4;2;1;2;4;1;2;4;4;3;4;2;5;1;1998;1;76;0;0;60;35;2;1;1;1;2;1;1;3;1;3
15;93;31;3;2;2;4;98;80;66;55;1;1;1;1;1;15;4;2;3;3;6;1;1;2;2;2;2;1;2;3;2;4;4;2;2;2;3;1;4;4;4;3;2;2;1997;1;39;7;5;10;19;4;2;1;1;2;2;1;3;1;2
5;95;75;3;2;1;20;80;40;40;20;4;4;1;1;1;10;6;2;2;3;6;2;1;1;1;1;1;1;2;4;2;2;2;4;5;1;4;2;4;2;4;2;3;1;2000;1;70;12;0;15;10;3;5;2;2;2;2;2;3;1;1
65;79;70;1;1;3;30;75;45;80;60;1;1;1;1;1;30;6;2;2;3;7;1;1;2;2;2;1;2;4;4;2;3;4;4;4;5;2;3;4;2;4;4;5;1;2000;1;67;1;0;8;6;3;4;2;1;2;2;2;1;2;3
80;60;75;2;1;2;60;70;50;80;80;3;5;2;1;2;5;5;5;2;2;5;2;1;1;1;2;1;2;1;2;5;2;5;1;5;1;4;2;5;2;4;4;4;2;1996;1;65;0;0;7;40;2;1;1;1;2;2;1;2;2;2
20;75;75;3;1;1;20;75;80;15;50;4;4;1;1;1;15;5;3;4;2;7;1;1;2;2;2;2;2;1;4;3;3;4;5;4;2;4;1;4;3;4;2;4;1;2000;1;80;12;0;10;8;3;4;2;2;2;2;2;3;2;1
11;100;31;3;1;2;27;78;88;81;85;2;2;1;1;1;15;7;5;1;6;6;1;1;2;1;2;1;1;3;3;4;2;4;4;5;4;2;2;4;3;3;4;4;1;1999;2;73;0;0;12;20;1;3;2;1;2;2;1;3;2;2
61;81;92;1;2;3;50;49;91;51;20;3;3;1;1;1;20;4;3;2;4;6;2;1;2;2;2;1;1;2;4;3;2;3;4;5;2;3;1;4;2;3;5;3;2;1997;1;71;16;0;8;15;3;4;1;1;2;2;2;1;1;3
30;91;92;1;1;3;81;48;43;92;100;2;3;2;1;1;8;5;1;2;4;5;2;2;2;2;1;1;1;1;1;5;2;5;3;5;2;3;1;4;4;5;3;5;2;2000;2;81;0;0;40;60;2;2;2;2;2;1;1;1;1;3
60;71;91;2;1;1;70;30;87;80;26;2;2;2;1;1;10;3;4;5;6;3;1;1;2;1;2;1;1;1;2;2;3;2;4;4;1;4;4;4;2;4;2;4;2;1999;1;81;9;0;3;4;1;1;2;2;1;2;1;2;1;1
20;80;70;3;2;2;70;30;20;50;30;4;4;1;1;1;10;7;1;3;1;2;2;1;1;1;1;1;1;1;2;4;3;4;4;4;2;5;4;5;3;4;3;4;1;2000;1;76;15;0;8;20;3;2;2;1;2;2;2;3;1;2
30;70;10;2;1;3;30;90;75;90;50;3;5;2;2;2;0;6;6;7;4;1;1;1;2;1;2;2;2;3;2;5;5;5;5;4;3;4;1;2;4;4;3;2;1;2000;1;75;10;0;6;2;3;4;2;2;2;2;2;2;2;3
20;80;80;3;1;1;50;50;60;40;70;3;3;1;1;1;15;6;3;2;6;5;2;1;1;1;1;1;1;1;3;2;2;4;4;4;2;3;3;3;2;4;2;4;1;1997;1;80;10;0;20;30;3;4;2;1;2;2;2;3;2;1
50;65;59;2;1;3;59;62;75;65;50;4;4;2;1;1;20;6;5;4;6;5;2;1;2;1;2;1;1;3;3;4;3;4;4;4;4;4;4;4;4;4;2;4;1;1999;1;60;0;0;6;6;5;1;2;1;2;2;2;2;2;3
20;90;30;3;2;3;20;90;95;95;90;1;5;1;1;1;15;6;2;2;5;6;1;2;2;2;2;2;2;2;2;2;2;2;2;5;2;5;4;4;2;4;2;4;1;1999;2;90;20;0;16;6;4;2;2;2;2;2;1;3;1;3
10;100;100;1;2;1;NA;100;60;60;60;4;4;2;1;1;10;3;6;3;2;6;2;2;2;1;2;1;2;1;2;4;4;5;5;4;4;5;2;2;2;5;3;5;1;2000;1;49;15;1;12;2;3;4;2;1;2;2;2;1;1;1
11;60;34;2;2;3;24;87;45;78;46;3;4;2;2;2;0;6;2;2;5;5;1;1;2;1;1;1;1;1;2;5;4;5;2;5;2;4;4;4;3;4;3;4;1;1999;1;83;5;0;10;4;2;1;2;1;1;2;2;2;1;1
40;100;70;1;1;1;30;80;85;65;85;2;5;1;1;2;5;6;3;1;2;7;2;1;2;1;1;2;1;2;3;2;1;2;3;4;2;4;3;4;3;4;2;3;1;2000;2;65;0;0;20;30;2;1;2;1;2;2;1;1;2;1
20;82;8;3;1;2;29;73;73;54;15;2;1;1;1;1;30;2;7;5;6;3;2;1;2;1;1;1;1;1;1;1;1;1;3;5;2;3;4;2;2;4;4;4;1;2000;1;92;16;0;8;10;3;4;2;2;2;2;2;3;2;2
32;43;52;2;2;3;68;27;26;50;42;2;3;1;1;1;50;6;3;3;5;7;2;1;2;1;1;1;1;3;5;4;2;2;4;4;2;3;4;4;3;4;4;3;2;1999;1;68;7;0;2;30;1;4;2;2;1;2;2;1;2;1
20;73;30;1;2;1;41;60;79;50;63;4;4;2;1;2;5;4;1;2;1;7;2;1;1;1;1;1;1;4;2;3;2;2;3;3;3;2;3;2;3;3;4;3;1;2000;1;55;25;0;8;10;3;4;2;2;2;2;2;1;1;1
25;89;94;1;2;2;79;42;83;35;63;2;1;2;2;2;1;6;5;4;6;6;1;1;2;2;2;1;2;1;3;4;3;5;3;4;2;3;2;2;2;3;4;2;2;1999;1;61;20;0;8;4;4;2;2;2;2;2;2;1;1;2
0;100;70;2;2;3;30;80;50;75;70;4;4;2;2;2;0;7;1;2;4;3;2;2;2;1;2;2;2;1;1;5;5;5;4;3;4;5;5;3;4;3;3;4;1;2000;1;70;2;0;10;2;1;2;2;1;2;2;2;2;1;3
25;75;75;1;2;3;50;50;32;70;53;3;4;1;1;1;15;7;2;3;3;6;2;1;1;1;1;1;1;1;3;5;3;5;4;4;2;5;5;4;3;4;2;2;1;2000;2;70;10;0;10;25;3;1;2;1;2;1;2;1;1;3
49;51;20;1;2;2;51;49;50;50;75;2;2;2;2;2;0;7;7;5;5;4;1;1;2;1;1;1;1;2;3;3;3;5;4;5;2;2;4;4;3;5;4;5;1;1999;1;85;20;0;12;10;3;4;2;1;2;2;1;1;2;2
40;80;100;1;1;2;50;50;70;70;81;2;5;1;1;1;15;6;1;3;5;7;2;1;1;1;2;2;2;3;4;2;1;3;4;5;1;4;5;4;1;5;5;4;2;1999;2;80;8;0;20;28;2;1;2;2;2;1;1;1;2;2
3;97;70;2;2;2;10;90;50;50;50;4;3;2;1;2;5;5;4;5;6;6;2;1;2;1;1;1;1;1;2;4;4;5;3;5;2;3;2;5;3;4;2;4;1;1998;1;75;12;20;8;30;3;3;1;1;2;2;1;2;1;2
6;94;75;1;1;1;71;57;99;73;28;4;4;1;1;1;10;5;2;1;5;6;2;1;2;1;1;1;1;1;2;4;4;5;4;4;1;5;4;5;1;4;1;4;1;1999;2;72;15;0;5;8;3;1;2;1;2;2;1;1;1;1
10;80;70;1;2;2;60;40;80;80;10;4;2;1;1;1;15;7;2;1;6;7;1;1;1;1;2;1;2;4;3;3;2;2;5;4;3;3;2;4;3;4;5;5;1;1999;1;60;0;0;8;20;1;4;2;1;2;2;2;1;1;2
0;100;80;1;2;3;10;75;35;70;70;3;2;1;1;1;10;6;5;2;5;5;2;1;2;1;2;1;1;1;1;2;4;5;3;4;3;4;3;5;3;4;2;4;1;1999;1;75;15;0;6;10;3;1;2;2;2;2;2;1;1;3
0;100;40;3;2;2;50;50;75;48;67;2;3;2;1;1;24;3;6;4;6;3;1;1;1;1;1;1;1;1;2;3;3;2;2;4;2;4;1;5;3;4;3;4;1;1999;1;70;12;1;8;10;3;1;2;2;2;1;2;3;1;2
0;100;78;2;2;3;NA;100;66;73;79;4;3;2;2;2;0;6;2;6;6;6;2;2;1;1;2;2;2;4;1;5;5;5;5;5;2;4;4;4;4;4;2;4;1;1998;1;89;15;0;10;5;3;3;2;1;2;2;1;2;2;3
10;100;95;1;1;3;50;80;80;70;70;1;3;2;2;2;2;4;3;3;5;5;1;1;2;1;1;1;1;1;1;4;4;4;1;2;3;4;2;5;3;4;2;3;2;1997;1;75;16;0;14;8;1;5;1;1;2;2;1;1;1;3
71;87;91;3;2;1;94;45;67;67;60;1;1;1;1;1;20;6;6;1;4;7;2;1;2;1;2;1;1;1;4;3;1;2;2;5;2;5;1;5;3;5;2;5;1;1999;1;74;16;10;4;8;2;1;2;2;2;1;1;3;1;1
11;77;8;3;2;2;50;50;100;77;39;2;5;1;1;1;15;6;1;1;5;6;2;1;2;1;2;1;2;1;4;3;4;4;1;5;3;5;5;5;2;4;1;5;1;2000;2;83;0;4;8;6;2;1;2;2;2;2;1;3;1;2
0;85;59;3;2;3;55;50;73;40;51;4;4;1;1;1;20;6;1;2;3;7;1;1;2;1;1;2;1;3;5;2;2;3;2;2;3;1;4;4;1;4;4;5;2;2000;1;93;0;3;8;20;3;2;2;1;2;2;2;3;1;1
50;75;50;3;2;2;80;50;100;76;5;4;4;2;1;2;5;6;3;2;5;6;2;1;2;2;2;2;2;2;4;4;3;5;4;2;1;1;4;3;4;5;4;5;2;1998;1;95;20;2;18;25;3;4;2;2;2;2;2;3;1;2
72;61;85;2;1;3;63;41;92;82;25;2;2;1;1;1;15;5;4;2;5;6;2;1;1;1;1;1;2;1;2;4;1;5;3;5;2;2;2;5;1;4;4;4;2;2001;1;75;8;0;12;30;1;1;2;2;1;1;2;2;1;3
30;100;80;1;2;1;35;75;80;90;75;1;3;2;1;2;5;5;3;1;4;7;2;2;1;1;1;2;2;2;2;4;3;5;4;5;2;2;2;2;3;4;3;3;2;1997;1;68;9;0;8;10;3;2;2;2;2;2;1;1;1;1
20;80;41;2;1;2;20;81;50;75;69;1;3;2;2;2;1;3;2;4;3;6;2;1;2;1;2;2;1;1;1;5;5;5;1;5;2;3;4;5;3;3;1;5;1;1998;1;73;20;0;10;20;3;1;2;1;2;2;2;2;1;2
20;80;61;1;1;2;82;9;66;65;54;3;2;1;1;1;25;6;2;2;5;7;1;2;2;1;1;1;1;1;3;4;2;4;1;4;2;4;4;5;2;4;2;5;1;1996;1;83;20;0;8;20;3;2;1;1;2;2;1;1;2;2
30;75;92;1;1;2;14;85;85;60;80;3;4;2;2;2;2;6;5;5;6;3;2;1;1;1;1;1;1;1;1;4;4;4;4;4;4;5;2;4;2;4;4;2;1;1998;1;75;16;0;10;10;3;4;2;1;2;2;2;1;2;2
0;100;83;1;2;2;75;25;70;65;24;2;5;2;2;2;0;5;1;5;7;1;2;1;2;1;1;1;2;1;1;5;5;5;3;5;4;5;3;4;2;5;4;5;1;2000;1;81;0;0;20;20;2;1;2;1;2;2;2;1;1;2
65;90;95;2;2;3;75;46;86;80;77;1;1;2;1;1;10;3;2;1;6;7;2;1;2;1;2;1;1;2;2;4;4;5;1;4;1;4;2;5;1;2;2;3;1;1999;1;73;0;0;14;24;1;4;2;1;1;2;1;2;1;3
60;70;70;2;2;2;55;70;60;77;72;2;3;1;1;2;5;3;6;2;3;6;2;1;1;1;1;1;1;2;1;4;3;4;2;5;3;5;1;5;1;4;1;5;1;1999;1;67;12;0;9;8;4;1;2;2;2;1;2;2;1;2
50;80;78;2;1;3;20;88;88;71;32;3;3;1;1;1;15;6;3;3;6;6;1;1;2;2;2;2;2;2;2;4;4;4;2;4;3;1;2;4;2;4;4;4;1;1999;1;79;8;0;10;30;2;4;2;1;2;2;2;2;2;2
4;95;81;2;2;3;NA;100;28;43;66;2;2;1;1;1;15;4;5;3;5;6;1;2;2;2;1;1;2;1;2;4;2;5;2;2;4;4;4;5;3;4;2;1;2;1999;1;64;5;0;10;10;1;2;2;1;1;2;2;2;1;3
90;10;66;2;1;3;80;25;76;64;91;2;2;2;2;2;0;6;3;1;2;7;2;1;2;2;2;1;2;3;2;3;3;3;3;4;3;2;3;4;4;5;3;5;1;2000;2;6;3;0;2;6;2;1;2;2;2;2;2;2;2;3
15;85;70;1;1;2;NA;100;60;75;45;2;3;1;1;1;15;5;7;2;6;7;2;1;1;1;1;1;1;1;1;5;4;5;3;4;2;5;1;4;3;4;2;4;1;2000;1;75;15;0;8;15;3;3;2;2;2;2;2;1;2;2
30;70;40;1;2;2;80;20;90;50;80;4;3;1;1;1;10;2;1;3;5;7;2;1;2;1;2;1;1;1;2;5;4;5;5;4;4;2;4;3;2;4;5;4;1;1997;1;70;18;0;8;5;3;4;2;1;2;2;2;1;1;2
25;81;35;3;1;3;50;50;83;38;51;3;3;1;1;1;20;5;2;2;1;6;2;1;1;1;1;1;1;3;3;3;3;3;5;5;3;4;4;3;3;4;3;4;1;2000;2;40;0;0;10;30;3;4;2;1;2;2;2;3;2;3
50;47;80;1;1;2;61;40;53;67;91;2;3;2;1;2;5;5;6;3;5;4;1;1;2;1;2;2;1;2;3;4;4;4;3;4;2;3;5;4;3;4;4;3;1;1999;1;70;12;0;4;12;1;2;2;1;1;2;1;1;2;2
60;84;90;1;1;2;26;75;91;36;9;3;5;2;1;1;10;5;3;2;4;5;2;2;2;1;1;2;2;2;4;2;2;4;3;5;2;4;2;5;3;4;2;5;2;2000;1;71;3;0;10;10;2;3;2;1;2;1;2;1;2;2
25;75;60;2;1;3;29;71;50;58;49;3;3;2;2;2;2;6;4;4;5;7;2;1;2;1;2;1;1;1;5;3;2;5;4;4;2;2;4;4;3;4;4;4;2;2000;1;85;40;0;20;20;3;2;2;1;1;2;2;2;2;3
10;90;40;2;2;1;40;70;70;50;50;2;2;2;2;2;25;6;2;1;4;6;1;1;1;1;1;2;1;1;1;5;4;5;4;5;1;5;5;3;3;4;1;3;1;1996;1;70;10;0;10;40;2;2;1;2;2;1;2;2;1;1
30;70;35;2;2;1;40;60;55;35;10;2;1;1;1;1;20;6;2;1;5;7;2;1;2;1;1;2;1;4;5;2;2;2;2;5;1;2;1;5;3;4;4;4;2;1998;1;80;9;5;8;30;1;4;1;2;2;1;1;2;1;1
10;90;50;2;1;1;30;70;50;80;70;1;2;2;1;1;10;5;6;2;3;6;1;2;2;1;2;2;2;1;3;5;4;5;4;3;4;5;1;2;3;2;2;4;1;1998;1;85;24;0;10;1;3;1;2;1;2;2;2;2;2;1
46;45;95;1;1;1;38;43;42;43;37;2;1;1;1;1;50;4;4;4;4;4;1;1;1;1;1;2;1;3;3;3;3;3;3;3;3;3;3;3;3;3;3;3;2;1999;1;22;20;0;20;60;3;3;2;1;2;2;1;1;1;2
15;85;75;3;2;2;60;49;80;70;24;2;5;2;1;2;5;3;3;2;4;6;2;1;1;1;2;1;1;2;4;3;2;2;4;3;3;4;2;5;2;4;2;5;2;1999;1;60;16;0;8;2;5;1;2;1;2;1;2;3;1;2
20;80;75;2;1;3;30;70;80;60;40;3;2;2;1;2;5;2;4;3;5;3;2;1;2;1;2;1;1;2;4;2;4;4;3;5;1;4;1;5;2;4;2;4;1;1998;1;70;10;0;10;30;1;2;2;1;1;2;2;2;2;3
24;76;82;1;2;3;30;53;39;55;44;3;2;1;1;1;15;6;2;2;5;7;2;1;2;1;1;1;2;1;4;4;1;3;1;2;2;2;5;5;4;3;4;3;1;1999;2;85;8;12;12;26;5;1;2;1;2;1;2;1;1;2
10;100;82;3;2;2;50;68;100;42;11;4;5;1;1;2;5;5;2;1;2;7;2;1;1;1;1;1;1;1;3;4;4;4;3;5;4;3;4;5;3;4;3;5;2;1999;1;17;20;0;5;4;1;1;2;1;2;2;2;3;1;2
60;80;50;1;2;1;80;40;90;50;50;3;4;1;1;1;20;3;3;2;5;4;1;2;1;1;2;1;2;2;3;4;2;4;3;4;4;3;4;2;3;3;4;5;1;2000;1;70;6;0;8;5;3;4;2;2;2;2;2;1;1;1
20;80;50;1;2;2;80;20;75;75;29;2;3;2;2;2;0;5;4;2;6;6;2;1;1;1;1;1;1;4;4;2;5;5;4;5;4;5;3;4;1;5;1;4;1;1997;1;90;10;0;10;20;3;2;1;2;2;1;2;1;1;2
40;82;91;1;2;3;29;82;51;74;61;3;2;1;1;1;10;3;2;3;5;4;2;1;2;1;1;1;1;1;2;4;4;5;1;5;4;4;4;5;2;4;2;4;1;1997;1;86;10;0;8;5;2;2;1;1;2;2;1;1;1;3
40;60;73;2;1;1;66;37;77;38;54;3;3;2;1;1;16;5;3;2;4;5;2;1;1;1;1;1;2;2;3;3;2;4;2;4;5;4;2;4;3;2;4;2;1;1999;1;67;12;0;12;15;3;4;2;2;2;2;1;2;2;1
0;100;80;1;1;1;30;70;100;70;30;4;5;2;1;1;10;6;2;2;2;6;2;1;2;1;2;1;2;3;2;4;4;4;5;2;2;1;4;2;1;5;5;4;2;2000;1;70;10;0;16;10;1;1;2;2;2;2;1;1;1;1
20;80;81;1;1;3;40;60;50;50;20;3;2;2;1;1;15;5;4;3;5;4;1;2;2;1;1;1;2;2;2;3;3;4;3;5;3;4;4;4;3;4;4;4;1;1998;1;79;8;6;4;15;1;2;2;1;1;2;1;1;2;3
40;60;37;3;1;1;72;28;50;55;60;2;2;1;1;2;5;3;2;4;5;5;1;2;2;1;1;1;2;3;2;3;4;3;4;4;4;3;1;5;4;5;4;4;1;1999;1;50;15;0;15;2;3;1;2;1;2;1;2;3;2;1
0;100;75;3;2;1;70;30;70;25;5;2;5;2;2;2;0;1;1;5;7;1;1;2;2;1;1;1;1;3;1;3;5;3;4;2;1;4;1;4;3;5;2;5;1;1996;1;20;40;0;2;6;2;1;1;2;2;1;1;3;1;1
0;100;50;3;1;1;25;75;89;77;44;2;5;2;2;2;0;5;6;2;6;4;2;1;2;1;2;1;2;1;3;5;5;5;4;5;2;1;1;4;3;5;4;4;1;2000;1;65;10;0;15;10;2;2;2;2;1;2;2;3;2;1
45;100;60;3;1;1;100;50;100;40;49;1;2;1;1;1;15;6;2;4;7;7;2;1;2;1;2;1;2;1;1;3;5;4;2;5;3;5;4;5;3;5;3;5;1;1992;1;85;16;0;20;16;5;4;2;2;1;2;1;3;2;1
0;100;50;1;2;3;NA;100;40;30;30;1;4;2;2;2;0;3;4;1;1;1;1;1;2;2;1;2;2;1;1;1;1;5;4;4;3;5;2;5;2;3;1;3;1;1999;1;67;16;0;10;6;3;3;2;1;2;2;2;1;1;3
30;70;77;2;2;2;100;38;36;22;42;4;4;1;1;1;10;6;2;3;3;5;2;1;2;1;2;2;1;4;2;1;2;1;4;4;5;3;2;4;4;3;2;4;1;2000;1;81;7;2;20;10;3;2;2;1;2;2;2;2;1;2
53;71;61;2;2;2;81;20;74;53;15;3;3;2;1;1;750;5;2;2;3;5;1;1;2;1;1;1;2;1;4;2;2;2;3;4;3;4;4;5;2;5;2;3;2;1998;1;76;0;0;12;20;2;2;2;1;1;2;2;2;1;2
1;80;90;3;2;1;1;50;70;60;50;3;2;1;1;1;20;6;1;3;5;7;2;1;1;1;1;1;1;4;4;1;1;2;1;4;2;4;1;5;1;5;1;4;2;1998;1;85;8;7;24;27;3;5;2;1;2;2;2;3;1;1
20;80;40;2;1;3;25;75;35;75;40;3;3;2;2;2;2;5;1;5;2;2;2;1;1;1;2;1;1;1;1;5;5;5;2;3;1;4;1;5;2;4;2;3;1;2000;1;75;8;2;10;15;2;2;2;1;1;2;2;2;2;3
0;100;65;2;1;2;30;60;70;70;50;3;2;2;2;2;3;2;3;5;3;2;2;1;2;1;2;1;2;2;3;4;4;4;2;4;2;2;4;4;3;3;4;2;2;1999;1;65;25;5;6;20;2;1;2;1;1;2;2;2;2;2
0;100;40;3;2;1;30;70;85;35;30;1;5;2;1;2;5;7;2;2;3;7;1;1;2;2;1;2;2;3;3;3;5;3;1;5;3;2;2;5;1;5;5;5;2;2000;2;60;0;5;0;42;2;1;2;2;2;1;1;3;1;1
1;100;77;2;2;1;0;100;75;59;62;2;3;1;1;1;26;6;5;3;5;6;2;1;2;1;2;1;2;2;4;3;3;4;4;5;2;4;1;5;3;4;2;4;1;2000;1;69;8;0;6;10;1;1;2;1;1;2;1;2;1;1
10;100;30;3;2;1;80;20;100;70;20;1;1;1;1;1;30;6;1;2;4;7;2;1;2;1;2;2;1;1;3;5;3;5;3;4;1;2;4;5;2;4;3;4;1;1995;1;80;15;0;12;30;2;1;1;1;2;2;1;3;1;1
2;100;65;2;2;3;3;100;80;70;40;3;2;2;2;2;2;2;4;2;6;5;2;1;2;2;2;1;2;1;2;4;4;5;3;4;4;5;4;4;3;3;4;3;1;1999;1;70;10;0;8;1;3;4;2;1;1;2;2;2;1;3
100;66;78;2;2;1;87;18;24;38;100;2;4;1;1;1;20;5;2;3;5;6;2;2;2;1;2;1;1;2;1;3;5;5;4;5;3;4;3;4;4;2;2;4;1;1998;1;27;10;0;10;20;1;4;2;2;2;1;2;2;1;1
40;70;30;1;2;1;100;10;70;40;10;4;4;1;1;1;17;5;5;1;6;7;2;2;2;1;2;1;1;2;4;2;3;3;4;5;4;5;4;3;2;3;5;2;1;1998;1;87;10;0;8;20;3;2;2;1;2;2;2;1;1;1
40;81;100;1;2;2;40;91;91;84;49;2;3;1;1;1;5;4;5;5;5;5;2;1;2;1;1;1;2;2;3;4;2;5;3;5;2;3;5;5;3;4;3;4;1;2000;2;81;15;5;3;10;2;2;2;1;2;1;1;1;1;1
10;70;20;3;1;3;40;50;80;70;50;2;2;2;2;2;0;6;4;4;4;2;2;1;2;1;1;1;2;1;1;5;5;5;4;5;2;4;2;4;2;5;1;4;1;1998;1;70;20;5;10;10;1;1;2;1;2;2;1;3;2;2
35;75;20;3;1;2;50;50;50;60;60;3;3;1;1;1;25;5;1;1;4;7;2;1;2;1;2;2;2;3;4;3;1;4;2;4;2;4;2;4;1;5;3;3;2;1997;1;70;18;8;8;20;1;4;1;1;1;2;1;3;2;2
1;100;76;3;1;3;0;100;80;90;80;4;4;2;2;2;0;5;6;4;6;6;2;1;2;2;1;2;1;1;1;1;1;1;3;5;4;5;2;5;3;4;2;3;1;1998;1;83;30;0;0;2;3;3;2;1;2;2;2;3;2;3
0;100;88;1;1;1;NA;100;25;50;25;2;2;1;1;1;20;6;4;2;4;6;2;1;2;1;1;1;1;1;2;5;3;4;2;4;3;5;2;4;2;4;1;5;1;1999;1;78;12;0;10;10;1;1;2;1;2;2;2;1;2;1
51;70;70;2;1;2;75;65;75;70;60;2;3;1;1;2;5;3;5;2;4;6;1;1;2;1;2;1;1;2;1;4;5;4;4;5;5;4;4;3;4;3;2;1;1;1998;1;65;0;8;8;25;3;2;2;1;1;2;2;2;2;2
20;90;40;2;2;3;65;36;81;60;69;3;2;2;2;2;2,5;6;3;1;6;6;2;2;2;1;1;1;1;2;2;4;4;3;4;2;4;4;4;4;2;3;2;4;1;1999;1;66;0;0;12;5;3;1;2;1;2;2;2;2;1;3
38;66;30;1;1;1;41;64;75;75;40;3;2;2;2;2;0;5;7;3;3;7;2;1;2;1;1;1;2;3;3;3;3;3;4;5;1;2;5;2;2;3;3;4;2;2000;1;80;2;0;6;20;3;1;2;1;2;2;2;1;2;1
20;80;80;1;1;3;60;40;50;68;38;1;3;2;1;1;10;5;5;3;3;5;2;1;2;1;1;1;2;1;3;3;4;4;4;2;4;2;4;4;3;4;4;4;2;2000;1;70;16;0;6;6;3;1;2;2;1;2;2;1;2;3
10;100;21;1;2;1;73;51;76;80;50;4;3;1;2;2;3;4;3;2;4;5;2;1;2;1;1;1;1;3;4;3;3;3;4;4;3;3;2;4;2;4;3;4;2;1998;1;60;7;0;8;15;3;3;2;1;2;2;2;1;1;1
100;1;64;3;2;3;100;NA;15;15;15;1;1;1;1;1;30;5;1;2;1;6;1;2;2;1;1;1;2;4;4;2;2;2;4;4;4;2;2;3;3;3;4;4;1;1999;1;65;4;0;4;6;2;1;2;2;2;2;2;3;1;3
46;65;80;1;1;3;68;30;85;47;14;2;3;1;1;1;10;2;4;2;5;5;2;1;2;1;1;2;1;2;4;3;1;2;4;3;2;3;3;2;3;3;3;2;2;2000;1;37;4;0;5;5;3;3;2;1;1;2;2;1;2;3
70;91;83;1;1;3;100;23;87;6;12;3;5;1;1;1;10;5;5;3;3;3;2;1;2;1;2;1;1;1;1;1;2;1;4;5;1;5;2;2;2;4;2;3;1;1997;1;80;16;5;8;10;1;4;1;1;2;2;1;1;1;2
10;90;75;3;1;3;40;60;70;65;60;3;3;2;2;2;0;5;6;5;3;2;1;2;1;1;1;1;1;1;1;5;5;5;3;5;4;3;3;4;4;4;4;4;1;1998;1;75;16;0;2;2;3;3;2;1;2;1;1;3;2;3
30;70;65;2;1;1;40;80;50;50;30;3;2;2;1;1;8;2;2;1;5;7;2;1;2;1;1;1;2;2;3;4;3;4;4;5;1;4;3;4;3;4;2;4;2;1999;1;73;10;0;9;3;1;1;2;1;1;2;2;2;2;1
40;60;70;1;2;2;70;30;60;30;10;1;2;1;1;1;15;6;6;3;6;5;2;1;2;1;2;1;2;3;3;3;4;1;1;5;4;3;4;5;4;4;2;4;1;1998;1;60;9;2;3;12;2;1;2;1;2;2;2;1;1;2
30;70;91;3;2;3;100;0;0;0;100;2;2;1;1;1;20;5;1;1;5;7;2;1;2;1;1;1;1;3;4;2;4;2;4;5;2;5;2;4;3;4;1;4;1;1999;1;75;6;0;10;8;1;2;2;1;1;2;1;3;1;3
0;100;50;1;1;1;29;84;60;40;30;3;3;2;1;2;10;5;6;3;3;6;2;1;2;2;2;2;2;1;4;3;2;4;2;5;4;3;2;5;2;5;4;4;2;2000;1;55;6;4;5;4;1;4;2;1;2;1;2;1;1;1
0;100;70;3;1;2;20;80;100;65;20;3;2;2;2;2;0;6;5;1;1;7;1;1;1;1;1;2;2;2;2;4;2;4;2;4;1;3;4;4;3;5;2;4;2;1999;2;50;0;3;10;8;1;3;2;1;2;2;2;3;1;2
66;82;65;2;1;1;49;89;61;50;83;2;2;2;2;2;0;4;1;6;4;5;1;1;2;1;2;1;1;1;2;4;4;5;4;4;2;4;2;4;3;3;1;4;1;1997;1;40;16;0;6;8;1;1;2;1;1;2;1;2;2;1
100;30;100;2;2;2;100;20;35;35;5;3;2;1;1;1;20;7;1;2;3;7;2;1;1;1;1;1;2;4;4;2;2;1;1;4;3;2;3;5;3;5;4;5;2;1996;1;50;15;2;18;25;4;1;1;2;2;2;1;2;1;1
16;82;54;3;1;1;86;45;90;64;57;1;1;1;1;1;15;6;2;6;5;3;2;1;1;1;1;1;1;1;2;4;4;4;3;5;2;4;2;4;2;4;2;4;1;1999;1;76;8;0;4;4;2;5;2;2;2;1;1;3;2;1
10;80;0;3;2;3;21;89;100;100;50;4;5;2;1;1;15;7;5;2;6;5;2;1;2;1;1;2;2;2;4;3;3;4;5;4;3;2;4;3;3;3;4;4;2;1999;1;61;8;0;12;12;2;3;2;2;2;2;2;3;1;1
4;96;86;2;2;1;0;100;32;68;0;2;1;2;1;1;12;6;3;1;5;5;2;1;2;2;2;2;1;1;2;5;5;5;2;4;5;4;2;3;3;5;2;4;1;1999;1;72;0;2;8;8;2;4;2;1;2;2;2;2;1;1
14;69;63;3;1;1;16;75;61;63;42;2;3;2;2;2;0;3;6;5;5;4;1;1;2;2;2;2;1;3;3;3;4;2;4;4;4;4;3;4;3;2;4;4;1;1999;1;76;5;8;10;10;2;2;2;1;2;2;1;3;2;2
0;100;52;2;2;3;17;73;60;56;8;3;3;1;1;2;5;6;4;3;6;3;2;1;1;2;2;1;1;1;5;2;3;4;3;1;4;5;1;4;3;4;2;2;1;2000;1;51;15;0;0;5;3;2;2;1;2;2;2;2;1;3
20;90;25;3;1;3;39;62;57;50;27;2;5;1;1;2;5;5;2;1;4;6;2;1;1;1;1;1;1;2;3;2;2;2;1;5;2;4;4;5;2;4;2;5;2;1997;1;80;8;8;12;25;1;1;1;1;2;1;1;3;2;3
20;80;60;2;1;2;20;80;65;70;60;3;1;2;2;2;1;3;4;2;5;7;2;1;2;1;1;1;2;2;4;2;2;3;2;5;1;4;4;5;1;4;3;3;1;1997;1;85;20;5;12;10;3;4;2;1;2;2;2;2;2;2
0;100;40;2;1;2;10;90;40;70;70;3;3;2;2;2;0;5;3;6;5;4;2;1;2;1;2;1;1;1;2;5;5;5;2;5;3;5;2;4;1;5;2;2;1;2000;1;85;0;0;9;10;3;4;2;1;2;2;1;2;2;1
7;92;50;2;2;3;NA;80;68;86;29;4;3;1;1;1;15;6;1;1;2;6;2;1;1;1;2;1;2;1;1;5;5;5;2;4;5;4;3;4;3;2;3;4;2;2000;1;71;15;0;10;3;4;1;2;2;2;2;2;2;1;3
0;100;80;1;2;3;20;80;70;80;90;3;5;1;1;1;10;5;2;2;6;6;1;1;2;1;2;1;1;1;4;4;4;5;3;4;4;2;2;5;3;4;2;4;1;1997;1;78;8;0;10;20;1;1;2;1;1;2;2;1;1;3
80;60;65;2;1;3;50;80;85;90;57;4;3;2;1;1;15;6;2;1;5;6;2;1;2;2;1;1;2;2;3;4;4;4;4;4;3;4;4;3;3;5;2;3;2;2000;1;73;0;3;12;20;3;3;2;2;2;2;2;2;2;3
73;85;96;1;1;2;91;74;69;81;92;4;3;1;1;1;15;6;4;3;6;5;2;2;2;1;1;2;2;2;3;4;3;4;4;5;2;2;2;3;2;5;4;4;1;1999;1;69;0;0;5;10;3;1;2;1;2;1;2;1;2;2
0;100;61;3;1;1;30;80;100;70;11;2;5;2;1;1;10;5;1;1;5;7;2;1;2;1;2;1;1;2;1;4;4;3;4;5;2;2;4;4;3;3;4;1;2;1999;1;81;10;0;7;4;1;1;2;1;2;1;2;3;2;1
10;90;70;3;1;2;70;30;90;60;20;3;3;1;1;1;15;5;2;2;3;4;2;1;2;2;2;1;1;1;2;4;3;5;2;4;4;3;4;5;4;5;5;5;2;1999;1;65;12;5;6;10;1;3;2;1;1;2;2;3;2;2
23;83;28;3;2;2;56;42;90;92;67;2;5;2;1;1;10;5;6;3;5;6;2;1;2;2;2;1;2;2;3;4;5;5;5;1;4;4;3;2;3;5;5;4;1;2000;2;78;0;6;8;8;2;1;2;1;2;1;2;3;1;2
75;25;81;1;1;1;100;0;25;11;64;2;1;1;1;1;30;7;3;2;7;5;2;1;1;1;2;1;1;4;5;2;2;2;3;4;1;4;2;4;2;4;3;4;1;1996;1;55;20;10;8;20;5;1;2;1;2;2;2;1;2;1
10;80;80;1;1;2;70;30;50;60;50;3;3;1;1;2;6;5;2;4;6;4;2;1;2;1;2;2;1;1;1;4;5;5;4;4;2;4;4;2;3;5;1;4;1;2000;1;80;0;5;8;8;5;3;2;2;2;1;1;1;2;2
70;82;50;2;1;1;0;100;80;50;65;2;1;2;2;2;0,5;4;4;5;6;4;2;1;2;2;2;2;1;1;3;5;4;5;3;4;2;4;1;5;4;4;2;4;1;1999;1;80;45;0;2;8;1;4;2;1;1;2;2;2;2;1
5;95;80;1;1;3;0;100;50;90;30;3;2;2;1;1;10;2;2;3;6;2;2;1;1;1;1;1;1;1;3;4;4;5;2;4;2;4;2;3;2;3;3;4;1;1998;1;70;10;0;4;20;1;1;2;1;1;2;1;1;2;3
48;69;69;2;2;1;25;89;20;18;20;4;3;2;2;2;0;4;4;5;5;5;2;1;1;1;1;1;2;1;3;5;4;5;3;4;4;5;4;4;3;3;3;4;2;2000;1;50;40;0;2;2;3;4;2;2;2;2;2;2;1;2
1;100;60;3;2;1;1;100;86;18;65;2;2;1;1;1;20;7;4;2;5;6;2;1;2;1;1;1;1;1;1;4;4;5;4;4;3;5;4;4;2;4;3;4;1;1999;1;46;14;0;10;25;2;3;2;1;2;2;2;3;1;1
0;100;50;2;1;2;10;90;50;50;0;2;3;2;2;2;0;5;6;3;4;6;2;1;2;1;2;1;2;1;3;5;3;5;3;3;1;2;1;4;1;4;4;4;2;2000;1;50;16;0;4;4;2;2;2;1;1;2;2;2;1;2
40;70;10;2;1;1;90;30;50;70;30;4;5;1;1;1;10;2;4;2;1;7;2;1;2;2;2;1;2;2;2;2;4;4;4;4;2;1;2;3;3;4;3;3;2;2000;1;40;8;0;8;24;3;3;2;1;2;2;2;2;2;1
35;92;50;3;2;2;40;87;69;60;40;1;2;1;1;1;10;5;1;5;6;7;2;1;2;1;1;1;1;1;3;4;2;5;3;5;1;4;4;5;2;4;3;4;2;1999;1;63;10;0;8;10;1;4;2;2;1;2;1;3;1;2
100;0;7;1;1;3;100;0;0;25;28;3;2;2;2;2;0;5;3;6;7;6;2;1;1;2;1;2;2;1;1;5;5;5;3;3;5;5;1;1;1;3;1;2;1;2000;1;30;16;0;16;10;5;1;2;1;2;2;2;1;2;3
0;100;71;1;1;1;7;89;88;77;59;1;1;2;2;2;0;5;7;3;5;6;2;1;2;2;1;1;2;1;1;4;3;5;3;4;4;4;2;4;4;2;4;4;1;1999;1;60;15;0;12;10;2;1;2;1;2;2;1;1;2;3
0;90;61;3;1;2;20;80;100;60;10;4;5;1;1;1;20;4;1;3;6;5;1;1;2;1;1;1;1;1;2;4;3;5;2;5;4;4;5;4;4;2;4;2;1;2000;1;70;8;0;6;6;3;4;2;2;2;2;2;3;2;2
20;100;39;2;2;2;11;100;50;41;81;2;2;1;1;1;15;6;6;4;4;6;2;1;1;1;2;1;1;1;2;3;4;1;2;4;4;4;3;5;3;5;5;5;2;2000;1;76;5;0;15;20;1;1;2;2;2;2;1;2;1;2
40;82;59;1;1;3;40;77;93;69;38;3;3;1;1;1;10;5;5;2;5;6;1;1;2;2;2;2;2;2;2;4;4;4;2;4;4;2;NA;4;3;4;4;4;2;1999;1;71;8;0;10;25;2;4;2;1;2;2;2;1;2;3
0;100;30;3;2;3;30;70;70;100;20;3;2;2;1;2;5;6;7;2;4;3;2;1;2;2;2;2;2;1;1;5;5;5;3;4;3;2;2;5;3;2;3;4;1;1998;1;50;10;0;8;4;3;3;2;1;2;2;2;3;1;3
65;85;71;3;1;3;90;20;89;49;31;2;3;1;2;2;4;6;2;2;6;6;2;1;1;1;2;1;2;2;2;4;3;3;4;4;3;4;4;3;2;4;2;2;1;1999;2;70;0;0;12;12;1;1;2;2;2;1;2;3;2;3
70;30;83;3;1;1;80;20;6;10;11;1;2;1;1;1;50;5;6;3;4;4;2;1;1;2;2;1;1;2;3;3;3;4;2;4;2;3;1;5;2;3;4;4;2;1999;1;70;12;26;6;6;2;1;2;2;1;2;2;3;2;1
19;100;100;1;2;1;25;100;40;100;78;3;2;2;2;2;1;3;4;7;7;4;2;1;1;1;1;1;1;1;1;1;1;1;3;4;2;5;4;4;1;5;2;4;1;1998;1;30;15;0;12;12;4;2;2;1;1;2;1;1;1;1
70;75;50;1;2;3;100;10;90;80;50;4;3;1;1;1;20;6;2;1;2;7;1;1;2;1;2;1;1;4;3;1;5;1;4;4;4;2;3;4;2;4;5;4;2;2000;1;65;0;0;10;20;2;4;2;2;2;1;2;1;1;3
29;71;70;3;1;2;33;70;74;56;41;4;3;1;1;1;15;6;1;3;3;6;2;1;2;2;2;1;2;1;2;5;5;5;5;5;5;1;4;4;2;3;5;2;2;1999;1;77;15;0;12;10;3;1;2;2;2;2;2;3;2;2
29;92;100;1;2;2;100;NA;70;70;10;1;2;1;1;1;10;3;1;5;7;7;2;1;1;1;2;1;1;4;5;1;1;1;4;5;2;1;4;4;1;5;5;5;2;2000;1;85;12;0;8;10;3;3;2;1;2;2;2;1;1;2
10;96;41;3;2;2;9;95;89;57;49;2;2;2;2;2;1;7;5;3;3;5;2;2;2;1;2;1;2;1;1;5;2;5;1;4;3;5;2;5;3;4;1;5;1;1997;1;65;6;0;12;20;1;1;2;1;1;2;2;3;1;2
40;80;90;1;2;1;40;80;80;70;30;4;4;1;1;1;15;3;3;2;5;5;2;1;2;1;1;1;1;2;4;4;4;4;4;5;2;3;5;4;2;4;3;3;2;2000;1;70;8;0;10;15;3;4;2;2;2;2;2;1;1;1
71;49;95;2;2;3;80;39;50;50;65;4;4;1;1;1;10;4;4;4;5;5;1;1;2;1;2;2;2;2;3;3;2;4;5;5;3;4;4;3;3;5;3;3;2;2000;1;61;10;0;8;5;3;1;2;2;2;1;2;2;1;3
0;100;70;2;1;2;65;60;75;55;70;3;3;2;1;2;5;6;4;5;5;2;2;1;2;2;2;1;1;1;2;4;4;4;4;5;2;5;3;5;4;4;3;4;1;1998;1;65;15;0;2;8;3;3;2;2;2;2;2;2;2;2
66;34;80;2;2;2;30;70;40;40;50;3;2;1;1;1;30;5;1;2;1;7;2;1;1;1;1;1;2;2;4;1;4;2;4;5;4;5;2;4;3;4;2;5;1;1997;1;90;42;2;3;5;2;1;2;1;2;2;2;2;1;2
30;80;60;3;1;3;70;25;85;60;20;1;2;1;1;1;10;5;4;2;6;7;2;1;2;1;2;1;1;3;3;2;2;3;2;4;2;2;5;4;2;4;4;5;1;1996;1;75;0;0;8;30;2;3;1;1;2;2;1;3;1;3
20;80;71;3;2;1;80;27;33;64;48;3;2;1;1;1;20;7;7;4;6;6;2;2;2;1;2;1;2;4;4;1;1;1;1;5;2;4;1;5;1;4;1;5;2;1997;1;83;25;0;4;30;1;1;2;2;1;2;1;3;1;1
0;100;42;2;2;2;21;79;70;85;99;2;1;2;2;2;0;3;6;2;2;3;2;1;2;1;1;1;2;1;1;4;4;5;3;5;3;3;2;4;4;3;4;3;1;1996;1;82;8;0;12;10;3;1;2;1;2;2;2;2;1;2
17;83;65;3;1;2;18;82;62;66;62;4;3;1;1;1;20;5;3;3;4;4;2;1;2;1;2;1;2;1;2;4;3;4;2;5;3;4;2;4;1;3;2;4;1;2000;1;82;10;0;8;16;3;2;2;1;2;2;2;3;2;2
0;100;30;3;2;3;NA;100;60;70;20;1;2;2;1;2;5;4;2;2;4;6;2;1;1;2;1;1;1;1;3;4;3;4;3;3;2;2;2;4;2;4;2;4;1;1996;1;75;4;4;5;3;3;3;2;1;2;1;2;3;1;3
50;80;80;2;1;1;56;71;70;86;80;3;2;1;2;2;3;6;1;2;4;6;2;1;2;1;1;1;2;2;3;4;4;3;2;3;1;3;2;5;2;4;4;5;1;1999;1;70;16;0;20;10;3;3;2;1;2;1;1;2;2;1
25;76;64;1;1;3;17;88;52;52;52;4;3;1;1;1;15;4;4;4;4;4;2;1;2;2;2;1;2;2;2;3;3;3;3;3;3;3;3;3;3;3;3;3;2;2000;1;51;12;2;5;10;1;4;2;2;1;1;2;1;2;3
20;80;70;3;1;3;20;80;80;70;75;2;1;1;1;1;10;3;6;6;5;5;2;2;1;1;1;2;1;1;1;4;5;5;3;3;4;4;2;5;5;3;3;4;1;1999;1;60;15;0;5;5;3;3;2;1;2;1;1;3;1;3
34;80;73;1;1;3;17;85;66;59;54;4;3;2;1;1;15;4;6;6;6;5;2;1;2;1;1;2;2;1;3;2;3;4;3;4;3;4;3;4;4;4;3;4;1;1999;1;62;15;0;15;10;3;3;2;1;2;2;2;1;2;3
28;87;68;3;1;1;20;85;77;36;24;3;3;2;1;1;10;2;2;5;3;5;2;1;2;2;1;1;2;1;1;4;4;5;2;4;1;2;4;4;1;4;2;4;2;1999;1;70;6;6;12;25;3;4;2;1;2;2;2;3;2;1
30;70;65;2;2;3;30;60;25;65;60;3;2;1;1;2;5;3;2;2;3;5;2;2;1;2;2;2;1;3;2;2;2;4;4;2;1;4;2;4;4;5;3;4;2;1999;1;65;11;0;15;15;3;1;2;2;2;2;2;2;1;3
30;70;15;1;2;2;80;20;60;30;50;3;5;1;2;2;3;5;2;5;2;6;1;1;2;1;2;2;1;3;2;3;2;3;4;4;2;3;4;3;2;4;3;3;1;1995;1;81;16;0;4;20;1;1;1;1;2;2;1;1;1;2
0;100;75;3;1;3;25;80;79;80;40;4;4;1;1;1;20;5;4;1;5;7;1;2;2;2;2;2;2;1;1;5;2;5;4;5;4;3;1;2;1;2;3;4;1;2000;1;85;0;6;8;20;3;5;2;1;2;2;2;3;2;1
20;90;65;1;2;3;30;71;90;65;40;4;4;2;2;2;0;6;4;2;4;5;2;2;2;1;2;1;1;1;1;5;5;5;2;3;2;4;2;4;2;4;2;2;2;1998;1;86;0;10;0;20;1;1;2;1;2;1;2;1;1;3
0;100;70;3;1;1;30;70;70;75;50;1;2;2;1;2;5;6;3;2;4;6;1;2;2;1;1;1;2;1;4;4;3;4;2;4;1;4;2;4;2;4;1;3;2;1998;1;75;18;0;10;20;2;1;2;1;2;2;1;3;2;1
65;10;70;2;1;2;75;13;71;51;30;2;3;2;1;1;10;5;4;4;6;7;1;2;1;1;1;1;1;2;4;4;2;5;3;4;3;2;2;4;1;4;3;4;1;1999;2;60;7;0;10;20;1;3;2;1;2;2;1;2;2;2
39;78;92;2;2;3;82;49;100;90;37;1;1;2;1;1;10;5;1;1;4;7;2;1;1;1;1;1;1;4;3;2;1;2;2;5;1;3;1;5;1;5;3;5;2;1997;1;50;0;15;13;30;3;1;2;1;2;2;1;2;1;3
10;100;78;2;2;1;23;23;89;90;15;2;3;2;2;2;1;5;2;5;3;4;2;2;2;1;2;2;2;2;4;4;4;4;2;3;2;4;3;5;4;4;4;4;2;1999;2;17;0;15;3;3;1;1;2;2;1;1;1;2;1;1
60;70;65;2;1;3;20;90;70;10;60;4;3;1;1;1;20;2;3;5;5;5;1;1;2;1;1;1;1;2;2;4;4;4;5;5;1;4;1;3;2;4;2;5;1;2000;1;71;0;0;8;10;3;2;2;1;2;2;2;2;2;3
91;29;70;2;1;3;71;91;79;60;43;3;5;1;1;2;5;6;3;2;2;7;2;1;1;1;1;1;1;2;3;2;2;2;3;4;4;4;2;4;3;4;2;4;1;1999;2;87;4;0;10;20;1;1;2;2;2;1;1;2;2;3
20;80;70;3;2;3;40;60;80;70;70;2;3;2;1;1;10;5;6;5;5;6;2;2;2;1;2;1;2;2;4;4;2;4;4;4;2;4;2;4;2;4;4;2;2;1998;1;72;12;0;8;20;2;1;2;1;1;2;2;3;1;1
0;100;87;2;2;2;18;79;13;84;74;1;2;1;1;1;8;5;4;6;6;3;2;1;1;1;1;1;1;2;4;4;4;4;2;4;4;4;2;4;3;4;2;4;1;2000;1;82;5;0;3;5;2;1;2;2;1;1;2;2;2;2
0;100;80;1;2;3;30;70;40;60;5;4;4;2;2;2;3;4;2;6;6;5;1;2;2;2;2;2;2;1;3;4;4;5;3;5;4;3;2;4;2;4;5;4;2;1998;1;70;28;2;2;6;3;4;2;1;2;1;2;1;1;1
60;85;90;1;1;1;75;50;95;25;65;2;3;1;1;1;15;6;2;4;5;5;2;1;2;1;1;1;2;1;2;4;4;5;3;5;2;5;4;4;2;3;1;5;1;1999;1;75;6;0;10;15;2;2;2;1;1;2;2;1;2;1
35;80;75;1;2;2;85;10;75;55;30;2;3;2;2;2;3;6;6;1;6;7;2;1;2;1;2;2;2;1;1;5;5;5;2;2;1;4;3;4;4;3;2;5;1;1996;1;85;0;0;8;15;1;3;1;1;2;2;1;1;1;2
21;82;72;3;1;2;NA;100;70;30;54;2;3;1;1;1;25;6;2;1;3;7;1;1;2;2;1;2;2;4;4;2;1;4;4;4;5;4;2;5;3;4;2;5;2;1999;1;77;0;0;40;10;3;3;2;1;2;1;1;3;2;2
0;100;40;3;2;2;50;50;75;70;58;3;2;1;1;1;10;6;2;2;2;7;2;1;2;1;1;2;1;2;2;4;2;3;4;4;4;5;4;4;2;4;4;5;2;1999;1;86;16;0;6;18;2;1;2;1;2;2;2;3;1;2
29;47;45;1;1;3;50;41;45;58;49;3;2;1;1;1;2;5;5;6;4;4;1;1;1;2;2;1;1;3;3;3;2;4;3;3;2;4;3;4;2;3;3;3;1;2000;1;32;0;0;20;20;5;2;2;1;2;2;1;1;2;1
35;92;70;3;1;2;70;40;70;80;65;2;2;1;1;1;15;7;1;1;2;6;1;1;2;1;2;1;1;2;4;1;2;2;4;4;4;3;3;4;4;4;4;4;2;1997;1;65;8;0;8;14;2;1;1;1;2;2;1;3;2;2
0;100;88;3;1;3;22;71;100;53;80;3;2;1;1;1;20;6;3;2;5;7;2;1;1;1;1;1;1;1;3;5;3;5;5;5;4;2;4;5;4;5;5;5;2;1998;1;80;12;0;14;12;5;4;2;2;2;2;2;3;2;3
20;40;40;2;1;1;10;50;85;70;35;4;4;2;1;2;750;4;6;2;3;5;2;1;2;2;2;1;2;3;2;4;2;3;3;4;3;4;5;4;3;2;2;5;2;1999;1;70;8;0;8;16;2;5;2;2;1;2;2;2;2;1
100;50;100;2;1;3;100;9;30;60;70;1;5;2;1;1;15;4;5;3;2;5;2;1;2;1;1;1;2;1;4;3;2;4;5;2;2;1;2;2;4;4;4;3;2;1999;2;60;0;0;2;10;2;1;2;2;2;1;1;2;1;3
0;80;75;3;2;3;50;50;80;80;20;2;2;1;1;1;18;6;2;2;4;6;2;1;2;1;1;1;1;2;4;3;4;4;4;4;4;5;2;3;2;4;1;4;1;1998;1;20;24;0;4;4;3;1;2;1;2;2;1;3;1;3
10;90;35;3;1;3;26;77;68;58;40;3;3;1;1;1;15;6;5;6;3;7;1;1;1;1;2;1;1;1;1;5;2;5;5;4;4;3;2;3;3;4;3;4;1;1998;1;69;0;0;8;16;3;2;2;1;2;2;2;3;1;2
20;100;60;3;1;2;50;50;80;40;50;4;4;1;1;1;100;6;2;2;1;6;1;1;2;1;2;1;2;2;2;4;4;4;4;4;2;3;2;4;2;4;4;4;2;1997;1;75;5;0;12;40;3;3;2;1;2;2;2;3;2;2
10;77;40;3;1;1;NA;100;36;35;36;2;2;1;1;1;15;6;3;1;3;7;2;1;1;1;1;2;1;4;2;2;2;2;4;4;4;4;2;4;4;3;4;4;1;1999;1;75;0;0;0;40;5;1;2;1;1;2;2;3;2;1
0;100;37;2;1;1;0;100;100;100;54;4;4;2;2;2;0;7;7;6;7;2;2;1;2;1;2;1;1;1;3;5;5;5;3;5;1;5;4;5;3;5;2;4;1;2000;1;74;10;0;10;20;2;1;2;2;1;1;2;2;2;1
5;95;75;1;2;1;10;80;31;60;20;3;4;1;1;1;10;6;5;2;5;6;1;1;2;1;2;1;2;1;2;5;3;5;2;4;5;2;4;4;2;2;4;5;1;1999;1;70;18;0;4;5;3;3;2;1;2;1;2;1;1;1
20;80;80;1;1;3;20;80;80;50;50;4;4;1;2;2;3;6;5;2;5;5;2;1;1;1;1;1;1;1;2;1;2;5;5;5;4;4;3;4;4;4;4;4;1;1999;1;70;0;0;14;10;1;1;2;1;2;2;2;1;2;3
20;80;35;3;1;1;50;50;60;65;55;2;2;1;1;1;15;7;1;1;1;5;2;1;2;1;1;2;1;1;1;4;2;5;3;5;1;3;3;4;3;5;3;3;1;1998;1;95;0;10;15;25;1;1;1;1;1;1;2;3;2;1
10;90;60;1;2;3;0;100;100;40;20;1;1;1;1;1;10;5;4;2;3;6;2;1;1;1;2;1;2;1;4;3;1;2;1;5;1;5;4;4;3;5;1;2;2;2000;2;100;6;8;10;20;1;1;2;1;2;1;1;1;1;3
10;90;80;2;2;1;20;80;60;50;40;4;3;1;1;2;5;3;6;2;5;6;1;1;2;2;2;2;2;1;2;3;3;5;4;3;4;2;1;3;2;4;5;4;2;2000;1;70;16;0;8;5;3;4;2;1;2;2;2;2;1;1
0;100;75;1;2;2;60;86;75;60;50;2;2;1;1;1;15;5;6;3;4;6;2;1;1;1;1;1;1;3;3;3;3;3;4;4;4;4;3;4;3;3;2;4;1;1995;1;71;21;0;3;4;2;1;2;1;2;2;2;1;1;2
70;45;87;1;2;2;32;76;56;35;55;4;3;1;1;1;20;5;2;3;3;5;2;1;2;1;1;1;1;2;4;4;4;4;3;5;3;2;5;4;2;4;4;5;2;1999;1;73;3;0;12;44;1;4;2;2;2;1;1;1;1;2
50;50;74;2;1;3;50;50;59;59;59;1;4;1;1;1;20;6;5;3;4;7;1;1;2;1;1;1;1;1;4;1;1;3;4;3;4;1;3;4;3;1;5;5;2;1999;2;60;0;0;20;60;2;4;2;2;2;2;1;2;2;3
0;100;30;2;2;2;0;100;35;78;77;3;3;1;1;1;50;5;2;3;2;4;2;1;2;1;2;1;1;2;3;4;3;5;4;2;5;5;4;3;3;3;4;5;1;1998;1;46;15;0;5;2;3;1;2;1;2;2;2;2;1;2
80;10;100;2;1;1;0;90;40;30;50;4;3;1;1;1;20;5;3;4;2;7;2;1;1;1;2;1;1;3;5;3;1;2;1;4;3;5;2;5;2;4;4;3;2;2000;1;81;8;0;4;8;2;1;2;1;2;2;2;2;1;1
71;40;87;1;1;1;21;62;23;75;73;4;3;1;1;1;20;3;1;3;2;5;1;2;2;2;1;2;2;4;4;3;2;3;5;5;2;2;4;2;1;3;5;4;1;1999;1;85;0;0;10;20;2;2;2;2;2;2;2;1;2;1
10;80;60;1;2;2;30;80;75;35;50;2;2;2;2;2;0;5;4;5;6;4;1;1;2;1;2;2;2;1;1;1;5;5;3;4;3;5;4;5;3;4;2;2;1;1997;1;70;0;0;8;20;2;1;1;2;2;1;1;1;1;2
10;90;100;1;1;2;71;29;100;81;40;2;5;1;1;1;10;5;2;1;3;6;1;1;2;2;2;2;2;3;3;3;4;3;2;4;4;2;1;5;3;4;2;5;2;2000;2;79;10;4;10;3;2;4;2;2;1;1;2;1;2;2
25;75;10;3;1;2;80;20;80;15;5;3;2;1;1;1;9,5;7;6;3;3;6;2;1;1;1;2;1;1;4;3;2;2;2;1;5;4;4;1;4;2;3;4;4;1;2000;1;70;10;0;10;10;3;1;2;1;1;2;2;3;2;2
9;100;50;2;2;3;NA;100;31;84;96;3;3;1;1;1;15;5;1;4;5;7;2;1;2;2;2;1;2;1;2;5;4;5;4;1;5;5;1;5;2;3;5;5;2;1999;1;82;15;0;8;3;1;1;2;1;1;2;2;2;1;3
10;56;50;3;2;3;25;75;81;40;50;3;2;2;1;2;5;5;3;2;4;6;2;1;1;1;1;1;2;3;4;3;2;3;4;4;4;3;3;3;4;4;4;3;1;1998;1;65;16;5;4;20;2;2;2;1;2;2;2;3;1;3
26;80;50;1;1;3;85;16;66;40;49;3;5;1;1;1;10;5;2;2;4;6;1;1;2;2;1;2;2;1;1;5;5;5;2;2;3;3;3;4;3;4;3;4;1;1997;1;73;10;0;5;2;1;1;2;2;1;2;1;1;2;2
70;95;80;3;1;1;80;80;50;70;45;4;4;1;1;1;10;5;2;2;4;5;2;1;2;1;2;2;1;2;3;3;4;4;2;4;1;3;4;4;2;5;3;5;1;1997;1;90;24;0;10;5;2;5;1;2;2;1;1;3;2;1
20;100;65;2;1;3;30;70;40;70;30;3;2;1;1;2;5;5;5;3;6;5;2;2;2;1;2;2;1;1;1;5;4;5;3;4;4;4;2;5;3;5;4;3;2;2001;1;60;16;0;8;23;3;1;2;1;2;2;2;2;2;3
0;89;41;3;2;2;11;67;70;8;42;2;5;1;1;1;18;5;7;6;4;6;2;1;1;1;1;1;1;1;1;5;5;5;3;5;3;4;4;5;5;4;2;5;1;1999;1;62;0;0;6;10;2;4;2;1;2;2;2;3;1;2
83;18;100;2;1;3;68;42;74;61;50;3;5;2;2;2;0;6;2;3;3;6;2;1;2;1;1;1;2;1;1;4;4;4;2;5;4;4;1;3;3;4;4;4;2;1998;2;80;8;0;8;15;2;1;2;2;2;1;1;2;2;1
10;90;85;1;2;1;100;NA;85;60;20;1;5;1;1;1;20;6;5;2;5;7;2;1;2;1;1;1;1;3;2;3;2;3;2;4;3;4;4;4;2;3;2;4;1;2000;2;65;0;0;5;15;2;1;2;1;2;2;1;1;1;1
35;65;100;1;1;3;70;30;80;50;20;3;2;2;2;2;0;6;2;1;1;5;1;1;1;1;1;1;2;1;4;5;3;5;4;3;3;5;5;3;2;4;1;3;1;2001;2;85;6;3;8;25;3;3;2;1;2;2;2;1;2;3
0;100;20;3;1;2;25;75;70;20;10;1;5;1;2;2;250;5;5;5;6;6;2;1;1;1;2;2;2;1;1;5;5;5;5;4;2;5;2;2;3;4;2;5;1;1997;1;25;16;0;10;10;1;2;2;2;2;2;1;3;2;2
30;70;50;3;1;1;50;50;80;70;60;3;3;1;1;1;15;6;2;2;4;7;2;1;1;1;2;2;1;3;3;3;2;2;2;5;3;4;4;4;3;4;3;4;2;1999;1;55;8;0;7;10;1;4;2;2;2;1;1;3;2;1
0;100;80;1;2;1;35;80;49;45;20;2;5;2;1;1;9;7;4;1;5;7;2;1;2;1;1;1;1;1;2;4;5;4;1;4;2;5;5;5;4;5;2;5;1;1999;2;85;0;0;15;20;2;1;2;2;2;1;2;1;1;1
10;95;75;1;2;1;2;86;82;41;13;2;3;2;1;2;10;6;4;2;5;7;1;1;2;1;1;2;1;1;2;4;4;4;4;4;4;2;2;5;2;4;4;3;2;2000;1;85;6;0;6;15;1;1;2;2;1;2;2;1;1;1
23;86;53;3;1;1;0;100;82;67;50;3;2;2;2;2;1;7;5;5;3;5;1;2;1;2;1;1;1;2;2;2;4;2;2;5;2;4;3;5;3;2;1;5;1;2000;1;78;8;0;6;20;3;2;2;1;1;2;2;3;2;1
0;100;61;3;1;2;NA;100;60;40;30;3;3;2;1;2;6;6;2;1;3;6;2;1;1;1;1;1;1;2;2;4;2;4;2;5;1;4;4;5;2;4;1;4;2;2000;1;87;11;1;5;4;1;1;2;1;2;2;2;3;2;2
14;85;76;1;2;3;33;67;84;73;57;4;4;2;2;2;3;6;5;4;3;6;2;2;2;1;2;2;2;1;2;4;4;4;3;4;4;3;3;4;2;3;3;5;1;1999;1;66;0;0;8;2;3;3;2;1;2;2;2;1;2;1
60;30;60;2;1;1;76;0;30;50;40;4;3;2;2;2;0;5;7;2;1;3;2;1;2;1;1;1;2;1;2;5;4;5;3;2;1;4;1;4;2;4;1;3;2;1999;1;80;25;4;10;10;3;4;2;1;2;2;1;2;2;1
10;90;95;1;1;2;5;95;70;60;60;3;3;2;1;1;10;6;2;1;5;7;1;1;1;1;2;1;2;1;4;4;2;4;3;4;4;4;4;4;3;2;4;4;1;1998;1;75;8;0;3;5;1;1;2;1;1;2;1;1;2;2
0;100;55;3;1;3;NA;90;85;30;80;2;1;1;1;1;30;5;5;4;5;5;2;2;2;1;1;1;1;2;4;4;3;4;1;5;1;2;2;5;3;2;4;4;2;1999;1;78;20;0;18;20;3;2;2;1;2;2;2;3;2;3
8;91;100;1;1;1;18;90;100;50;52;2;1;1;1;1;50;7;4;1;7;7;2;1;1;1;1;1;1;1;4;1;1;1;1;5;1;1;1;5;1;5;3;5;2;2000;1;90;8;0;6;8;2;1;2;1;1;2;1;1;2;1
1;100;81;1;1;2;83;22;74;33;26;4;4;1;1;1;15;6;4;2;6;6;1;2;2;1;2;1;1;3;3;3;3;3;4;4;1;4;3;4;4;5;4;5;1;2000;2;67;24;0;6;24;2;3;2;2;2;2;1;1;2;2
50;90;80;1;2;2;31;83;84;63;80;2;2;2;1;1;20;6;5;2;3;5;1;1;2;1;1;1;1;1;2;5;5;5;2;4;4;4;2;5;4;4;3;4;1;2000;1;69;10;0;2;10;1;1;2;2;2;1;2;1;1;2
60;90;70;1;2;1;20;80;95;75;30;4;4;1;1;1;8;6;1;1;2;7;2;1;1;2;2;2;1;3;2;4;3;3;2;5;3;2;1;4;3;5;3;5;1;1998;1;68;16;0;6;15;3;4;2;1;2;2;2;1;1;1
20;100;50;1;2;1;20;90;70;70;40;3;2;2;2;2;0;5;4;2;4;6;1;1;1;1;2;2;2;1;2;4;4;5;4;5;4;3;4;3;3;4;3;5;2;2000;1;80;8;0;10;5;1;1;2;2;2;2;2;1;1;1
2;100;60;3;2;3;60;40;80;70;30;4;4;1;1;1;20;5;4;3;2;4;2;1;2;1;1;1;1;1;1;4;5;5;5;5;4;5;3;2;3;3;4;4;1;1999;1;70;0;0;12;6;3;4;2;2;2;2;2;3;1;2
25;90;68;2;2;3;49;58;66;36;13;3;4;1;1;1;8,5;6;7;2;5;4;2;2;1;1;1;2;1;4;5;3;4;2;3;4;3;3;1;4;1;4;4;5;1;2000;2;82;12;0;10;20;3;3;2;2;2;2;2;2;1;3
10;100;50;3;1;2;0;100;50;50;50;4;3;1;1;2;5;5;4;3;4;5;2;1;2;1;1;1;2;2;3;4;3;3;3;4;1;4;4;4;2;5;3;4;1;1997;1;70;10;0;14;7;3;2;2;1;2;2;2;3;2;2
10;90;90;3;2;2;60;60;80;40;5;1;5;1;1;2;5;5;3;3;5;6;1;1;2;1;1;2;2;2;2;2;3;4;5;4;2;5;2;2;2;4;4;3;2;2000;2;80;3;0;10;20;1;1;2;1;2;2;2;3;1;2
70;80;85;2;2;3;50;88;70;65;40;2;3;1;1;1;10;6;6;2;3;2;1;1;2;1;2;1;1;3;3;3;2;3;2;4;4;2;1;4;3;4;3;4;2;1998;1;50;25;0;9;5;1;5;2;2;2;2;2;2;1;3
0;100;100;3;1;2;20;80;80;79;87;4;4;2;2;2;0;6;2;2;7;6;2;1;1;1;1;1;2;3;3;4;4;4;3;4;4;5;2;4;4;4;2;4;1;1999;1;74;10;0;8;5;3;4;2;1;2;1;2;3;2;2
58;71;92;1;1;2;74;33;79;75;53;1;2;1;1;1;10;6;3;2;5;6;1;1;2;1;1;1;1;1;3;4;4;4;3;5;2;4;2;4;2;4;3;5;1;2000;1;76;0;0;15;20;2;3;2;1;1;2;2;1;2;2
40;92;81;2;2;2;19;91;85;95;72;4;2;1;1;1;15;6;2;1;6;7;1;1;2;2;1;2;2;3;3;4;4;4;3;4;5;3;4;4;3;2;4;5;2;1999;1;81;12;0;20;10;3;2;2;2;2;2;2;2;1;2
0;100;20;3;1;3;20;80;30;75;65;4;3;1;1;1;25;5;2;2;2;6;1;2;2;2;2;1;2;1;1;3;4;5;4;4;4;4;2;2;2;4;2;5;1;2000;1;60;8;0;8;4;3;4;2;2;2;2;2;3;2;3
75;90;97;2;2;1;78;17;69;86;77;3;2;1;1;1;8;2;3;1;5;6;2;1;1;1;1;1;1;1;1;5;5;5;4;3;2;4;5;5;3;4;2;4;1;1999;1;72;15;0;12;10;3;3;2;1;2;2;2;2;1;1
1;90;75;1;2;3;NA;100;35;85;95;4;4;2;2;2;2;5;7;3;2;3;2;2;1;1;2;1;2;1;4;1;1;1;4;4;1;4;1;4;2;4;2;5;1;1999;1;85;5;0;8;10;2;4;2;2;1;2;2;1;1;3
10;94;26;2;2;1;5;100;61;60;37;4;3;1;1;1;20;5;2;1;4;7;2;1;1;2;2;1;1;1;2;4;2;2;3;3;2;5;2;5;3;4;1;3;1;2000;1;87;26;1;8;2;3;4;2;1;2;2;2;2;1;1
25;75;60;2;2;1;40;60;30;80;65;3;2;2;2;2;0;7;5;1;5;7;2;2;2;1;1;1;1;1;2;4;4;5;4;5;4;4;1;5;2;3;3;5;1;2000;1;40;10;0;15;5;2;2;2;2;2;2;2;2;1;1
80;61;95;1;2;1;100;50;20;72;96;2;2;1;2;2;250;6;5;2;5;7;2;1;1;1;1;1;1;1;1;4;4;5;3;5;2;5;1;5;1;4;3;5;1;1999;1;81;0;0;55;45;5;1;2;2;1;1;2;1;1;1
10;90;30;2;2;3;90;30;80;90;70;4;2;1;1;1;40;1;5;6;4;3;2;1;1;1;2;1;2;1;1;4;4;5;4;5;1;3;4;3;2;5;4;5;1;1999;1;55;15;0;20;8;3;2;2;2;2;2;2;2;1;3
30;100;40;1;1;2;NA;100;61;62;47;3;3;2;2;2;0;5;7;5;1;2;2;1;2;2;2;2;2;1;3;4;4;5;3;5;4;5;3;4;3;3;2;3;1;1998;1;40;12;2;10;10;3;3;2;2;2;2;2;1;1;1
40;70;74;3;1;2;90;31;100;68;56;3;4;2;2;2;0;6;3;1;7;7;2;1;1;1;1;1;1;1;2;4;3;4;5;5;1;4;4;1;3;5;1;4;1;1999;1;91;0;0;16;30;3;1;2;1;2;2;2;3;2;2
0;51;19;2;2;1;18;60;76;80;62;4;2;1;1;1;15;3;6;4;7;7;2;1;2;2;1;1;1;1;3;4;3;4;3;5;3;4;3;3;3;4;2;5;1;1997;1;63;0;0;6;20;3;1;2;2;2;2;2;2;1;1
30;100;62;2;2;2;83;0;88;76;16;4;3;2;2;2;3;5;7;3;2;3;2;1;1;2;1;1;2;2;2;4;3;4;3;4;2;3;1;3;3;4;2;3;1;2000;1;56;5;5;3;20;2;5;2;2;1;2;2;2;1;2
61;71;77;2;2;2;83;49;70;70;14;3;2;1;1;1;10;6;5;5;4;6;1;1;2;2;2;2;2;3;4;2;2;2;4;4;3;5;2;3;2;4;1;3;1;2000;1;75;18;4;10;30;3;3;2;1;2;1;2;2;1;2
10;93;35;2;1;3;60;40;100;85;73;2;3;2;1;1;10;6;1;2;5;6;2;1;2;1;2;1;1;3;3;4;3;3;4;4;3;1;1;4;3;2;4;5;1;1998;1;75;16;0;8;8;2;2;2;2;2;1;2;2;2;3
10;91;42;2;2;3;21;60;21;65;53;3;4;1;1;1;10;5;2;4;7;6;2;1;2;2;2;1;1;1;2;5;4;5;3;5;2;5;4;5;3;3;2;4;1;1999;1;71;0;0;5;18;1;1;2;2;1;2;2;2;1;2
61;100;92;1;2;3;29;84;82;83;45;1;1;1;1;1;20;6;2;3;6;6;2;1;1;2;1;1;1;2;2;4;4;4;4;5;4;2;2;4;2;4;4;5;1;1999;1;82;0;0;2;15;3;1;2;2;2;2;2;1;1;3
29;84;98;1;2;2;83;21;84;40;36;3;3;1;1;1;30;5;2;2;2;5;1;1;2;2;2;1;1;3;4;2;2;2;4;5;4;5;1;4;3;5;4;5;1;2000;1;72;8;0;6;25;2;3;2;2;1;2;2;1;2;2
29;78;59;2;2;3;33;66;59;82;72;4;2;1;1;1;10;3;5;4;6;6;2;1;1;1;1;1;1;4;4;4;4;4;4;4;4;4;3;2;3;4;3;4;1;2000;1;70;10;10;20;5;3;2;2;1;2;2;2;2;2;3
10;100;90;1;1;1;0;100;100;90;75;3;3;2;2;2;0;5;2;4;2;6;1;1;2;2;2;1;1;1;3;5;4;5;4;4;3;2;2;4;4;4;4;5;2;1996;1;50;15;0;4;12;4;1;2;2;2;2;2;1;2;1
70;70;70;2;1;2;39;70;70;72;72;2;3;1;1;1;20;5;2;2;4;4;2;1;2;1;1;1;2;1;1;5;4;5;2;4;2;2;2;4;3;3;3;2;2;1999;1;70;0;0;14;10;2;1;2;1;1;2;2;2;2;2
50;80;75;1;1;1;70;50;60;25;60;1;5;2;1;1;15;5;2;2;5;5;2;1;2;1;2;2;2;1;3;4;2;4;4;5;4;2;4;4;4;3;4;1;2;1997;1;80;18;0;6;10;2;1;2;2;1;2;2;1;2;1
10;90;80;1;1;2;15;90;80;70;80;1;1;2;2;2;0;6;3;1;3;6;2;1;1;1;1;1;1;2;3;4;3;4;2;4;2;4;4;4;1;4;2;4;1;1996;1;50;8;0;10;35;2;1;2;2;2;1;1;1;1;2
14;90;25;1;2;3;22;64;92;92;50;3;5;2;2;2;2;2;7;3;7;6;2;1;1;2;1;2;2;1;1;5;5;5;4;5;2;4;4;2;5;4;3;5;1;1999;2;60;0;0;16;60;2;2;2;2;2;1;1;1;1;3
10;90;40;3;2;2;70;30;70;80;60;2;2;2;1;1;20;5;4;5;6;5;1;1;2;1;1;2;2;1;2;4;4;5;4;4;4;4;4;4;2;4;2;4;1;1996;1;70;12;0;7;4;2;2;1;1;2;2;1;3;1;1
20;81;40;1;2;2;90;9;50;50;30;2;2;1;1;1;20;6;3;1;5;6;2;1;2;2;1;1;2;3;4;2;2;2;4;4;1;4;2;5;1;3;2;2;1;1996;1;15;6;10;4;20;1;1;2;2;1;2;1;1;1;2
40;80;90;2;1;1;30;80;70;80;75;2;5;2;2;2;0;5;2;3;7;5;1;1;2;1;2;2;1;1;1;5;5;5;2;5;4;3;4;5;3;1;3;5;1;1994;1;80;24;0;10;20;4;2;1;1;2;2;2;2;2;1
41;100;87;1;2;1;37;99;100;100;71;1;1;1;1;2;5;5;1;2;1;6;2;1;1;1;2;1;1;1;3;5;4;5;1;5;3;5;2;5;1;4;3;5;1;1997;1;100;20;0;12;20;3;2;2;1;2;1;1;1;1;1
10;90;70;1;1;1;50;70;90;90;90;1;5;1;1;1;10;2;2;2;2;5;2;1;1;1;1;1;2;1;2;2;2;2;1;4;1;4;5;5;2;4;1;5;2;1994;1;80;0;0;10;40;2;1;1;2;2;1;2;1;2;1
40;60;70;1;2;2;80;20;95;71;100;4;2;1;1;1;50;1;6;2;2;2;2;1;2;1;2;1;1;1;2;2;2;4;4;4;3;4;5;4;3;4;2;4;1;1998;1;62;10;0;10;20;3;3;2;2;2;2;2;1;1;2
0;81;50;3;1;3;0;100;90;89;60;4;2;2;1;1;10;4;5;4;5;5;2;1;1;1;1;2;1;1;3;4;3;5;4;4;3;3;4;4;4;4;3;3;2;1997;1;60;14;0;8;16;3;2;1;2;2;1;1;3;1;3
20;40;10;3;1;3;40;70;50;50;50;4;3;1;1;1;20;3;4;3;5;6;1;1;2;1;2;1;2;1;2;2;2;5;3;5;3;4;3;5;4;4;3;4;2;1999;1;75;15;2;10;5;3;4;2;2;2;2;1;3;2;2
0;100;60;1;2;3;0;100;25;79;31;3;3;2;2;2;0;5;2;3;6;2;2;2;2;1;1;2;2;1;1;5;5;5;4;5;1;2;5;4;2;4;4;1;2;1999;1;82;9;0;6;12;3;4;2;2;2;2;2;1;2;3
30;70;50;3;1;3;70;50;100;80;61;1;1;1;1;1;20;5;2;2;4;6;1;1;2;2;2;2;1;1;4;3;2;4;2;4;3;4;5;4;4;4;2;3;2;2000;1;75;10;0;8;5;3;4;2;2;2;2;1;3;2;2
40;80;71;1;1;3;72;59;92;61;75;2;3;2;2;2;250;6;4;2;6;7;1;2;2;2;2;2;2;2;2;3;1;2;4;5;4;2;1;4;2;4;5;2;1;2001;1;71;4;10;10;4;2;1;2;1;2;1;2;1;2;3
72;62;72;2;1;3;35;50;90;10;74;4;3;2;1;1;15;6;7;2;7;1;1;1;1;1;2;2;2;1;1;5;5;5;5;4;1;5;4;4;1;5;3;5;1;1997;1;100;4;2;16;50;3;1;1;2;2;2;1;2;2;3
10;100;50;3;2;3;80;0;100;40;50;1;2;1;1;1;20;6;2;3;6;6;2;1;1;1;1;1;1;3;2;3;4;4;3;4;5;5;2;4;3;3;1;4;1;1999;1;70;25;0;0;10;3;1;2;1;2;2;2;3;1;3
0;100;100;2;1;2;0;100;100;67;11;1;2;1;1;1;50;6;2;2;2;7;2;1;2;1;1;1;1;3;3;3;3;3;4;4;4;4;4;4;2;3;2;5;1;1995;1;61;0;0;10;30;4;1;1;1;2;2;1;2;2;2
0;100;31;3;2;2;37;91;95;63;61;1;3;1;1;1;15;6;5;3;2;7;2;1;2;1;1;1;1;2;3;4;4;4;2;5;3;3;4;4;3;5;3;3;2;2000;2;89;16;0;6;5;2;4;2;1;2;2;1;3;1;2
0;100;50;1;2;3;0;100;30;90;80;1;1;2;2;2;0;6;3;3;2;6;2;2;1;1;2;1;1;1;1;5;5;5;3;5;1;2;4;5;1;5;1;4;1;1999;1;80;6;0;8;8;3;3;2;1;1;1;2;1;1;3
0;100;90;2;2;1;30;90;80;60;50;3;3;1;1;1;10;5;5;1;5;6;2;1;1;2;1;1;2;2;4;4;2;2;2;4;1;4;1;5;1;5;2;5;2;2000;1;90;12;2;10;30;3;3;2;1;2;2;2;2;1;1
2;100;83;1;2;1;65;9;100;43;70;2;1;2;1;1;7;5;4;6;7;5;2;1;2;1;1;1;2;1;3;5;5;5;3;5;4;5;2;5;3;4;4;4;1;2000;1;55;13;0;8;3;1;1;2;1;1;2;2;1;1;1
1;70;60;3;2;2;NA;100;50;50;50;3;3;1;1;1;10;5;4;2;3;4;1;2;2;2;2;2;2;2;3;3;3;4;3;5;3;4;2;4;2;3;3;2;2;1999;1;75;7;0;6;10;3;4;2;2;2;2;2;3;1;2
0;100;80;3;2;2;40;80;100;90;65;1;1;1;1;1;10;6;2;2;5;5;2;1;1;1;2;2;1;4;4;2;4;1;3;4;4;2;4;4;3;3;4;4;2;1997;1;80;16;0;8;24;1;1;1;1;2;2;1;3;1;2
0;32;31;1;2;3;10;100;60;50;50;3;5;1;1;1;10;3;4;5;6;6;2;1;2;2;2;1;2;1;3;4;3;5;4;5;4;3;5;2;1;4;5;3;2;2000;1;67;0;2;8;4;1;1;2;2;2;2;2;1;1;3
0;71;81;2;2;2;10;90;80;70;55;1;1;1;2;2;2;5;3;2;4;6;1;2;2;2;1;2;2;1;1;5;5;5;1;5;1;3;5;5;1;5;4;5;2;1999;1;65;0;0;8;15;1;4;2;1;2;2;2;2;1;2
70;90;90;2;1;1;15;80;80;80;80;3;3;2;1;1;10;2;2;5;5;3;2;1;2;1;2;2;2;3;2;3;4;2;3;4;2;4;3;4;3;3;2;4;2;2000;1;70;12;2;10;4;3;4;2;1;2;2;2;2;2;1
25;80;65;3;1;3;80;15;75;35;10;2;2;1;1;1;20;2;1;5;4;7;2;1;1;1;2;2;2;1;1;4;4;5;4;5;5;5;2;3;4;2;1;5;1;1999;1;10;5;20;6;10;1;1;2;1;2;2;2;3;2;3
15;82;90;1;1;3;30;70;85;65;45;1;1;1;1;2;5;5;5;6;6;2;2;1;2;1;2;1;1;1;2;5;4;4;4;5;2;3;1;4;3;4;4;2;2;1998;1;81;10;0;6;12;2;1;1;1;1;2;1;1;2;1
10;100;60;3;2;3;1;100;30;80;80;3;2;1;1;1;15;5;4;3;6;3;1;1;1;1;2;1;2;1;2;4;4;5;3;4;2;5;3;4;3;4;1;3;1;2000;1;75;0;0;6;8;3;3;2;1;2;2;2;3;1;3
10;95;65;3;2;1;10;90;20;60;10;2;5;1;1;1;25;5;5;3;6;6;1;1;2;2;2;2;2;2;2;4;4;4;2;4;4;2;2;4;2;3;4;5;1;1995;1;60;8;4;8;20;5;4;1;1;2;1;2;3;1;1
64;80;50;2;1;2;90;15;95;85;60;4;5;2;2;2;0;7;4;2;7;6;2;1;1;1;1;1;1;2;1;5;3;3;4;4;3;4;2;2;1;4;2;5;1;1992;1;85;0;0;5;25;1;4;2;2;2;1;1;2;2;2
82;25;82;2;2;1;82;12;50;74;29;3;4;1;1;2;5;4;6;6;3;4;2;2;1;1;1;1;1;2;4;2;4;2;3;5;4;3;3;5;3;3;4;4;2;1999;1;70;15;0;8;15;3;1;2;2;2;2;2;2;1;1
32;73;77;3;1;3;30;70;88;76;20;2;1;1;1;1;20;6;6;2;2;6;2;1;1;1;2;1;2;2;4;3;2;2;1;5;1;1;3;4;4;4;5;3;2;2000;1;70;8;0;15;15;3;2;2;1;2;2;2;3;1;3
0;100;71;2;1;1;30;83;72;72;62;3;2;1;1;1;10;7;5;3;7;6;1;1;2;1;2;1;1;1;2;3;4;3;5;4;1;3;4;2;4;5;4;4;1;1999;2;40;10;0;20;20;2;1;2;1;2;1;1;2;1;1
10;95;50;3;2;3;50;50;70;70;60;2;2;2;1;2;5;6;3;1;3;5;2;1;2;1;2;1;1;3;4;2;2;3;2;1;1;3;4;4;4;4;3;3;2;1999;1;80;0;0;12;20;3;1;2;1;2;1;1;3;1;3
10;90;60;3;1;1;10;90;50;75;70;1;1;1;1;1;10;2;2;2;4;5;1;1;2;2;2;1;2;1;2;4;2;4;4;5;4;3;2;4;2;5;4;3;2;1999;1;80;9;0;10;10;3;3;2;2;2;1;2;3;2;1
10;90;60;1;1;2;50;50;70;70;50;2;2;2;2;2;1;4;2;2;3;6;2;1;1;1;1;2;2;1;2;4;3;5;3;4;3;4;2;4;2;3;2;4;1;1992;1;54;40;6;6;12;4;1;2;1;2;2;1;1;2;2
7;50;3;3;1;1;3;98;100;77;7;1;2;2;2;2;2,5;5;3;2;5;6;1;1;2;2;2;2;2;3;1;3;5;3;4;4;2;3;2;4;3;5;2;5;1;1995;1;100;16;4;8;20;5;1;1;1;2;2;1;3;1;1
76;91;57;1;1;2;80;60;67;77;55;1;5;2;1;2;5;6;4;2;4;7;2;2;1;1;1;1;1;2;4;4;3;3;1;4;2;2;4;5;3;5;4;4;2;1999;2;60;20;10;15;30;5;1;2;2;2;1;1;1;2;2
40;80;40;1;2;2;40;80;60;60;40;2;2;1;1;1;8;2;2;2;6;6;2;1;1;2;1;1;1;4;2;3;2;3;3;4;2;4;3;5;4;4;4;5;1;2000;1;70;17;0;6;8;3;1;2;2;1;2;2;1;1;2
32;74;88;2;2;1;51;84;83;36;77;2;2;2;1;1;10;7;5;6;2;7;2;1;1;1;1;1;1;1;4;4;2;5;4;4;2;1;1;5;2;4;4;4;2;1999;1;84;0;60;18;5;2;1;2;1;1;2;2;2;2;2
40;80;95;1;1;2;75;50;80;65;35;3;5;2;2;2;3;6;6;1;2;7;2;1;1;1;1;1;1;2;3;4;3;4;1;4;3;3;4;3;3;4;4;3;1;2000;2;80;0;0;12;28;2;1;2;2;1;2;2;1;1;2
0;100;70;3;2;1;40;70;85;50;60;2;3;1;1;1;20;5;2;2;5;4;2;1;2;1;1;1;2;1;1;4;4;5;2;5;3;5;2;5;2;4;1;5;1;1999;1;70;24;0;5;1;4;1;2;2;2;2;2;3;1;1
8;89;40;3;2;3;54;64;48;78;39;3;3;2;1;1;10;5;3;3;6;5;2;1;2;1;2;2;2;2;2;2;2;2;4;4;2;3;4;4;2;4;2;3;2;2000;1;63;2;0;8;5;1;1;2;1;1;2;2;3;1;3
40;29;20;2;1;2;20;80;70;71;50;3;3;2;1;2;6;5;3;4;6;3;2;1;1;1;2;1;2;3;3;2;4;2;3;5;3;4;2;4;4;4;4;2;2;2000;1;72;4;0;4;8;1;2;2;2;2;2;2;2;1;2
20;90;80;1;1;1;60;40;70;40;20;4;2;1;1;1;15;2;4;1;2;5;2;1;1;2;1;1;2;3;4;4;3;2;2;4;3;1;4;4;3;4;4;4;2;1998;1;65;6;0;14;20;3;2;2;2;2;2;2;1;2;1
25;75;50;3;1;2;NA;100;33;33;33;2;3;1;1;1;10;6;3;2;3;6;2;1;2;2;2;2;1;2;4;2;3;3;3;5;4;2;3;5;4;3;5;4;2;1998;1;80;5;0;11;4;3;1;2;2;2;2;2;3;2;2
1;100;80;1;2;1;NA;100;80;70;60;2;2;2;2;2;2;4;3;3;6;5;2;1;1;1;2;1;2;1;3;4;4;5;3;4;2;4;3;4;2;4;2;4;1;1997;1;70;0;0;8;15;1;1;2;1;1;2;1;1;1;1
80;70;80;2;1;2;30;90;75;80;60;4;2;1;1;1;10;5;3;2;5;5;1;1;1;1;1;2;1;5;4;3;2;1;2;5;1;2;4;4;3;4;3;5;2;1997;1;70;16;0;20;30;4;4;1;1;2;2;1;2;2;2
70;60;60;2;2;2;80;20;50;30;50;2;1;2;1;1;8;6;1;1;3;7;2;1;1;2;2;1;2;2;3;2;3;2;4;4;4;2;2;3;3;4;5;3;2;2000;1;50;2;0;10;8;1;4;2;1;1;2;2;2;1;2
42;79;62;1;2;3;52;61;85;68;48;2;1;2;1;1;10;5;4;4;5;5;2;1;1;1;1;1;1;1;3;5;4;1;3;5;1;4;4;4;3;4;3;4;1;2000;1;51;0;0;20;4;3;1;2;1;2;2;2;1;1;3
20;80;70;1;2;1;50;50;80;70;60;1;5;2;1;2;5;6;2;1;2;6;1;1;2;1;1;2;2;1;2;4;4;5;5;5;3;4;2;5;2;5;2;4;1;1999;1;81;0;6;12;16;2;4;2;2;1;2;2;1;1;1
35;86;28;2;1;1;19;85;45;65;73;4;3;2;1;2;5;5;3;4;2;3;2;1;2;2;1;2;1;2;1;5;5;5;4;5;1;5;4;4;2;4;2;4;1;2000;1;60;16;0;8;20;3;4;2;1;2;2;2;2;2;1
60;84;82;1;2;3;72;49;61;61;67;3;2;1;1;2;5;6;3;2;5;5;2;1;2;1;1;1;2;2;4;3;2;4;3;5;5;5;5;4;5;4;4;4;2;1999;1;72;1;0;3;8;1;2;2;2;1;2;2;1;1;3
5;95;100;1;2;1;30;70;80;20;50;3;2;2;2;2;2;5;3;5;6;4;1;1;2;2;1;2;2;1;2;3;4;4;3;3;4;5;2;4;4;4;2;4;1;1996;1;75;8;0;8;10;3;5;1;1;2;2;2;1;1;1
15;92;61;2;2;1;29;76;79;49;15;2;2;1;1;1;15;2;5;3;6;4;1;2;2;1;1;2;2;2;2;4;4;4;3;4;2;4;4;4;2;4;4;4;2;2000;1;62;2;0;0;10;2;4;2;1;1;2;2;2;1;1
90;10;85;1;1;2;50;50;40;80;20;4;3;2;2;2;250;6;5;3;5;3;2;1;2;1;1;1;1;2;3;4;4;4;2;4;1;4;2;4;4;4;2;4;1;2000;1;80;10;2;8;10;3;3;2;1;2;1;2;1;2;2
5;96;51;3;2;2;12;96;33;76;64;3;2;1;1;1;10;4;7;4;6;3;1;2;2;2;1;2;2;4;1;4;4;4;3;5;1;2;3;5;3;4;4;4;2;1999;1;85;1;0;6;20;1;1;2;1;1;2;2;3;1;2
26;87;93;1;1;3;22;95;40;60;71;3;4;2;1;1;25;3;3;3;4;4;2;1;1;1;1;1;2;2;2;3;4;4;2;3;1;3;2;4;3;3;2;4;2;2000;1;70;18;0;0;10;3;1;2;1;2;1;2;1;2;3
1;100;72;3;1;2;30;92;84;75;75;2;5;1;1;1;25;3;5;2;6;3;2;1;2;2;1;2;1;4;3;2;4;4;4;3;NA;4;5;4;4;2;4;4;1;1999;2;100;59;40;10;55;1;4;2;1;2;1;2;2;1;1
0;100;80;3;2;1;50;50;80;59;30;2;2;2;2;2;2;5;2;2;6;5;1;1;2;1;1;2;2;1;3;5;5;5;3;4;4;5;4;5;3;3;1;4;1;2000;1;81;10;0;6;5;3;2;2;1;2;2;2;3;1;1
78;59;88;1;1;1;100;6;23;49;48;3;2;1;1;1;25;7;1;1;4;7;2;1;1;1;1;2;2;4;4;2;1;2;4;5;1;2;2;3;1;5;3;1;2;1997;2;76;15;1;2;40;2;1;2;2;2;2;1;1;2;1
0;100;80;3;2;3;0;100;70;80;60;2;1;1;1;1;10;2;2;3;6;6;2;1;2;1;2;2;2;1;1;4;4;5;5;4;2;1;1;4;3;5;5;4;2;1999;1;65;5;2;12;10;1;2;2;1;2;1;1;3;1;1
20;95;60;2;2;1;10;75;90;60;65;2;2;1;1;1;25;3;2;2;4;7;2;1;2;2;2;1;2;3;1;2;4;3;4;4;3;3;2;5;3;4;3;2;2;2000;1;67;8;1;6;10;1;1;2;1;1;2;2;2;1;1
30;70;45;3;1;3;50;50;80;40;60;3;2;1;1;2;5;5;1;2;4;6;2;1;2;1;1;2;1;2;2;3;3;4;3;4;3;4;3;4;3;4;5;4;1;1999;1;65;20;0;4;3;3;1;2;1;2;2;2;3;1;3
30;90;75;1;1;2;60;40;100;60;0;3;3;1;1;2;5;6;1;1;4;7;2;1;2;2;1;1;2;4;4;1;2;2;4;5;3;2;4;3;1;5;5;3;2;2000;1;85;8;6;8;30;3;2;2;1;2;1;2;1;2;2
10;90;80;2;2;3;10;90;90;80;85;2;2;2;2;2;0;5;3;2;7;3;2;1;1;1;2;1;1;1;2;4;5;4;4;5;4;5;2;3;1;5;1;5;1;1996;1;100;11;0;14;14;2;1;1;2;2;2;2;2;1;3
40;85;50;2;2;1;65;35;35;85;75;1;1;1;1;1;10;5;1;2;5;6;1;1;2;1;1;1;1;2;3;2;3;5;1;5;1;4;4;5;1;5;2;5;2;1999;1;50;0;0;10;12;1;1;2;1;1;2;2;2;1;1
10;92;0;2;1;1;0;100;62;34;64;3;4;2;1;1;10;6;1;2;3;6;2;1;2;1;2;1;2;3;4;2;2;3;3;4;4;2;1;4;2;4;4;1;2;2000;1;80;19;0;4;6;3;2;2;1;2;2;2;2;2;1
31;81;83;1;1;1;47;61;16;90;57;2;2;2;2;2;2;3;4;2;6;2;2;2;2;1;1;1;2;1;2;4;3;3;4;3;2;4;4;4;3;4;2;4;1;1999;1;73;12;0;12;20;3;2;2;2;2;2;2;1;2;1
5;95;70;3;2;1;20;80;70;50;50;1;2;1;1;1;10;6;2;1;2;7;1;2;2;1;1;2;2;3;4;2;2;2;5;5;4;4;3;2;1;4;3;2;1;1996;1;80;0;0;10;10;1;3;1;1;2;2;1;3;1;1
27;73;65;3;1;3;70;30;65;85;75;3;3;1;1;1;15;6;2;3;5;6;1;1;1;1;1;1;2;4;2;3;3;4;4;4;2;4;4;5;3;2;1;5;1;2000;1;66;28;6;7;10;3;5;2;1;2;1;2;3;2;2
10;90;70;1;2;1;40;60;70;60;30;3;3;2;2;2;2;5;3;2;3;6;2;2;2;1;1;2;1;1;1;5;5;5;2;4;4;2;4;4;2;4;2;4;2;1999;1;60;20;3;12;8;1;1;2;2;2;2;2;1;1;1
98;1;29;2;1;2;56;43;65;89;96;3;2;2;1;1;10;3;3;3;6;2;1;2;2;1;2;2;1;1;2;5;2;5;2;5;2;4;3;5;2;4;2;3;2;1999;1;73;3;0;6;15;1;1;2;1;1;2;1;2;2;2
26;100;71;3;1;1;6;95;78;22;54;1;1;2;2;2;0;4;4;2;4;6;2;2;2;1;2;2;1;1;3;4;5;5;3;3;3;3;3;3;3;3;3;3;1;1996;1;62;12;0;9;5;5;1;1;1;2;2;2;3;2;1
0;100;81;2;2;3;10;95;80;71;60;2;5;2;2;2;0;5;6;2;5;6;1;1;1;1;2;1;2;1;2;5;4;5;4;5;4;5;2;4;2;4;3;2;1;1997;1;40;20;0;0;4;2;1;2;1;1;1;2;2;1;3
10;90;30;1;2;1;5;90;80;40;10;3;3;2;2;2;2;6;2;1;5;6;1;1;2;1;1;1;2;1;1;5;5;5;4;5;2;4;5;4;4;4;3;3;1;1997;1;68;8;4;8;20;3;2;1;1;2;2;2;1;1;1
10;90;40;3;1;3;30;70;50;50;35;2;3;2;1;2;5;5;5;2;3;6;1;1;1;1;1;1;1;2;2;4;4;4;3;4;3;3;3;4;2;3;4;3;1;1998;1;67;4;0;15;20;2;1;2;1;1;2;2;3;2;3
70;90;100;1;1;3;30;71;71;72;47;2;2;1;1;1;20;4;2;2;3;5;2;1;2;1;2;1;2;1;4;4;4;4;4;2;4;4;5;5;3;2;2;3;2;1996;1;75;8;1;9;4;3;3;1;1;2;1;1;1;1;2
24;81;45;2;2;2;50;50;73;77;76;2;3;1;1;2;5;6;2;3;3;4;2;2;1;1;1;1;1;1;1;4;4;5;4;5;4;4;5;5;1;4;4;5;2;2000;1;70;20;8;6;6;1;1;2;2;2;1;1;2;1;2
10;90;80;2;1;1;30;80;40;80;80;3;3;1;1;1;10;5;2;2;3;3;1;2;2;1;2;1;1;2;2;4;4;4;4;4;2;2;3;4;2;4;2;4;2;1997;1;70;19;0;8;30;1;2;1;1;2;2;2;2;2;1
10;91;60;3;1;3;19;90;83;79;37;3;3;2;1;1;15;6;5;4;4;5;2;1;2;1;1;1;2;1;2;4;4;5;3;5;4;2;2;4;1;4;4;5;1;1999;1;80;18;0;4;2;2;2;2;1;2;1;2;3;1;3
20;80;70;2;2;2;80;20;59;79;95;4;3;2;2;2;0;5;3;4;4;6;1;1;2;1;1;1;1;1;3;2;3;5;3;3;2;4;3;4;2;5;3;3;1;1998;1;65;16;0;15;30;3;1;2;2;2;2;2;2;1;2
0;100;80;1;2;2;40;60;90;70;23;4;3;1;1;1;15;6;7;1;2;6;2;1;2;1;2;2;1;4;3;4;4;2;4;2;1;4;5;2;3;4;4;2;1;2000;1;89;8;0;10;15;3;4;2;2;1;2;2;1;1;2
20;80;60;2;1;2;25;75;20;75;60;4;4;2;1;1;20;6;1;1;4;6;2;1;1;1;1;1;1;1;1;5;5;5;4;4;4;3;4;4;1;5;5;2;1;2000;1;80;7;0;6;3;3;4;2;1;2;2;2;2;2;2
0;100;70;1;1;2;NA;100;70;80;50;2;2;1;1;1;10;6;2;2;2;7;2;1;1;1;1;1;1;1;3;4;3;5;3;3;2;4;3;4;3;5;2;3;1;1997;1;75;8;0;15;15;3;2;1;2;2;1;1;1;2;2
60;80;90;1;2;1;65;75;70;85;70;2;3;1;1;1;20;4;2;2;4;6;1;2;2;2;2;2;1;2;4;2;2;2;4;4;3;3;4;3;2;3;3;3;2;1994;1;70;18;0;6;10;1;4;2;2;2;2;2;1;1;1
61;90;84;1;2;3;50;50;100;56;67;3;1;2;2;2;0;7;1;1;5;6;1;1;2;2;2;1;2;1;2;5;4;5;5;4;4;4;2;2;3;3;4;5;1;1999;1;91;32;0;6;15;3;3;2;1;2;2;2;1;1;3
35;80;40;3;2;3;40;61;72;50;30;1;1;1;1;1;15;5;2;1;3;7;2;1;1;1;1;1;1;2;4;3;1;3;1;4;3;5;2;5;2;3;1;3;2;2000;1;80;6;0;0;10;1;1;2;1;2;2;1;3;1;3
5;100;70;3;1;3;76;50;100;80;40;4;4;2;1;1;10;6;7;1;3;7;1;1;1;1;2;2;2;1;4;3;4;3;1;4;4;4;3;4;2;4;3;4;1;1999;1;72;2;0;20;25;3;5;2;2;2;2;2;3;2;3
35;71;83;1;1;2;4;82;50;50;30;2;2;1;1;1;10;6;4;3;4;6;2;1;2;2;2;2;2;3;3;2;2;3;2;5;3;4;3;5;4;3;3;4;2;2000;1;51;12;0;5;20;1;1;2;2;1;2;2;1;1;2
0;100;32;2;2;1;20;90;77;48;43;3;2;2;2;2;2,5;6;5;4;5;5;2;1;1;1;1;2;2;1;1;5;5;5;3;4;4;5;4;4;2;4;1;4;1;1999;1;89;8;0;0;2;2;1;2;2;1;2;2;2;1;1
20;91;63;2;1;2;10;100;41;83;80;2;3;1;1;2;5;4;2;4;4;3;2;1;2;1;1;1;1;1;2;4;4;5;4;5;1;5;5;5;1;5;2;5;2;1999;1;77;40;0;10;20;3;2;1;2;2;1;2;2;2;2
20;100;25;1;2;1;41;87;20;86;55;1;5;1;1;2;5;6;1;2;2;6;2;2;1;1;2;1;1;3;3;3;2;3;2;4;4;5;1;5;3;4;2;2;1;1999;2;83;0;15;5;10;2;1;2;2;2;1;1;1;1;1
0;100;70;1;2;3;20;80;50;40;80;3;3;1;1;1;30;5;4;1;3;7;2;2;2;1;1;1;1;2;4;2;2;2;4;5;2;3;4;4;2;2;4;4;2;2000;1;70;8;0;12;10;3;3;2;1;1;2;2;1;1;3
0;100;85;1;2;2;0;100;60;30;20;4;4;2;1;1;10;5;2;2;4;5;2;2;2;1;2;1;1;1;2;4;4;5;4;5;3;4;4;4;2;4;4;4;2;1999;1;70;2;0;5;5;3;4;2;1;2;2;2;1;1;2
0;100;75;2;1;1;0;100;40;80;70;3;2;2;1;1;7;4;4;3;6;5;1;1;2;1;2;1;1;1;1;5;5;5;1;5;2;3;1;5;3;4;4;4;2;2000;1;80;8;0;10;5;3;1;2;2;2;2;2;2;2;1
21;86;66;3;2;3;13;84;66;61;21;2;3;2;2;2;1;3;6;6;2;1;1;1;2;1;2;2;1;1;1;4;4;5;4;4;4;4;2;3;4;4;3;4;1;1998;1;40;0;0;20;10;2;1;2;1;2;2;2;3;1;3
10;100;50;1;2;2;0;100;50;100;50;2;1;1;1;1;20;6;6;6;6;6;2;2;2;1;2;2;1;3;4;2;2;3;3;4;2;3;2;4;3;4;3;4;1;1999;1;80;20;0;10;20;1;4;2;1;2;2;1;1;1;2
0;100;62;3;2;1;0;100;24;75;65;2;3;2;2;2;0;5;6;6;6;2;2;2;1;1;2;2;2;1;1;5;5;5;2;4;3;4;2;5;4;4;1;5;1;1997;1;68;0;0;6;5;1;1;2;1;1;2;2;3;1;1
60;40;50;1;1;3;50;50;70;90;100;3;1;2;2;2;1;6;4;3;6;6;1;2;2;2;2;2;2;2;3;5;3;4;4;4;2;1;5;5;4;5;3;5;2;1996;1;66;12;8;9;20;3;1;1;1;2;2;2;1;2;1
70;74;96;2;1;2;81;67;58;66;70;4;3;1;1;1;15;6;4;3;6;5;2;2;2;1;1;2;2;2;3;4;3;4;4;5;2;1;2;3;2;5;4;4;1;1999;1;71;0;0;6;10;3;1;2;1;2;2;2;2;2;2
45;73;44;2;1;3;32;87;93;94;21;4;4;2;1;1;20;5;7;2;2;5;2;1;2;2;2;1;2;1;2;2;2;3;1;5;2;5;4;5;3;4;2;4;2;1999;1;66;17;0;16;20;3;4;2;2;2;2;2;2;2;3
30;70;80;1;1;1;50;50;75;50;65;4;3;2;2;2;0;5;2;2;3;4;2;1;1;1;2;1;1;4;4;1;1;2;4;2;1;4;4;4;2;5;4;4;2;1997;1;80;0;0;16;30;3;4;1;1;2;2;2;1;2;1
20;80;100;2;2;3;80;20;61;100;31;1;1;1;1;1;10;6;2;2;5;5;1;1;1;1;1;1;1;4;2;1;2;2;4;2;3;2;4;4;1;3;4;4;1;1996;1;82;24;0;6;6;1;3;2;2;1;2;2;2;1;3
13;59;47;1;2;3;33;61;85;23;1;2;5;2;2;2;15;5;2;4;1;5;2;2;1;1;1;1;1;3;2;2;2;3;1;3;1;4;1;5;4;5;2;5;2;1999;2;50;5;10;15;2;1;1;2;2;2;2;1;1;1;1
60;90;100;1;1;2;20;80;65;80;80;1;1;1;1;1;15;7;2;1;7;7;2;1;1;1;2;1;2;1;3;4;4;5;4;4;3;5;2;5;4;4;3;5;1;2000;1;75;15;1;10;20;3;3;2;1;2;2;2;1;2;2
10;90;39;2;2;2;30;71;62;52;52;3;1;1;1;1;10;6;2;5;6;6;2;1;2;1;2;1;1;3;3;3;2;4;3;3;4;3;3;4;4;3;2;4;1;1999;1;65;10;0;8;8;3;3;2;1;2;1;2;2;1;2
30;100;70;1;2;2;20;100;100;75;65;2;2;1;1;2;5;2;3;1;4;6;2;1;2;1;2;2;1;1;3;3;2;5;1;5;1;3;3;4;1;3;3;4;2;1996;1;85;12;0;6;25;2;1;1;2;2;1;1;1;1;2
30;90;30;3;2;2;30;90;60;70;70;4;3;1;1;1;15;5;2;4;5;6;2;2;2;1;2;1;1;2;2;4;3;4;3;3;1;2;4;4;3;3;2;4;1;2000;1;83;0;0;8;20;2;4;2;1;2;2;2;3;1;2
80;92;82;2;1;3;41;62;80;80;31;2;2;1;1;1;15;1;1;2;3;7;1;1;1;1;2;1;2;1;2;2;2;2;1;4;2;2;1;5;3;4;2;2;2;1995;1;72;24;0;6;20;1;4;1;2;2;2;1;2;2;3
14;84;25;2;1;1;88;33;16;95;78;1;1;1;1;1;20;5;2;6;6;3;2;1;1;1;2;1;1;1;1;4;4;5;2;5;2;5;2;5;2;4;2;5;1;1997;1;85;16;0;10;30;2;3;2;1;2;2;2;2;2;1
9;100;60;3;2;2;9;100;80;63;45;1;1;1;1;1;15;6;4;2;2;6;2;1;1;1;1;1;1;3;3;2;3;3;3;5;2;3;2;5;2;5;3;5;2;1995;1;75;12;0;16;30;1;1;1;1;1;1;1;3;1;2
62;33;54;1;2;3;60;32;88;47;91;1;2;1;1;1;10;6;4;4;5;7;2;1;1;1;1;2;1;2;2;4;4;3;3;4;4;4;5;5;3;3;4;4;1;2001;1;50;10;2;4;15;1;1;2;1;1;2;2;1;1;3
10;100;70;3;2;3;10;100;80;90;70;4;4;1;1;1;15;5;2;2;5;3;2;1;2;1;1;1;1;2;4;3;4;4;1;4;1;4;3;4;2;4;2;4;2;1996;1;70;24;0;4;10;4;1;2;1;2;2;2;3;1;3
85;15;55;2;1;1;80;20;90;75;80;3;2;1;1;1;10;5;2;1;5;7;2;1;2;1;1;2;1;2;2;4;2;4;4;4;4;4;2;5;3;2;2;4;1;1998;1;75;8;0;4;15;3;2;2;1;2;2;2;2;2;1
58;80;36;3;1;1;92;5;79;26;46;2;2;1;1;1;30;7;4;1;4;7;1;1;1;2;1;1;2;1;4;2;1;4;3;2;4;3;4;4;3;4;3;2;2;1999;1;78;0;0;6;28;1;4;2;1;2;2;2;3;2;1
19;100;82;3;2;2;8;88;84;66;84;2;2;1;1;1;15;6;5;2;4;6;1;1;2;2;2;2;2;1;3;5;4;5;4;5;4;5;3;5;1;3;3;3;1;1999;1;75;12;8;4;5;3;3;2;1;1;2;1;3;1;2
70;95;85;1;1;3;80;25;30;60;55;3;2;1;1;1;65;7;5;2;7;3;2;1;2;1;1;2;1;1;5;2;2;5;5;3;1;2;4;3;4;5;3;4;1;1999;1;75;0;0;10;30;2;1;2;2;1;2;2;1;2;3
60;80;70;2;1;3;30;80;80;100;80;4;3;1;1;1;7;5;1;6;5;4;1;1;1;1;1;2;1;2;4;4;3;3;1;4;4;2;4;5;3;3;1;4;2;2000;1;80;12;0;6;10;3;2;2;2;2;2;2;2;2;3
6;94;100;2;2;3;50;50;90;20;40;3;3;2;2;2;0;7;1;2;2;7;1;2;2;1;1;2;1;3;3;3;3;3;2;5;4;4;2;5;2;4;2;5;2;1996;1;70;30;2;10;6;2;1;1;2;2;2;1;2;1;3
0;100;8;3;2;1;3;87;100;76;71;4;3;2;2;2;0;2;5;5;4;2;2;1;2;2;2;1;2;1;2;5;5;5;2;3;3;3;2;3;4;3;2;4;1;2000;1;40;4;0;8;4;3;4;2;2;2;2;2;3;1;1
1;100;81;1;2;2;50;50;81;63;19;1;3;1;1;1;25;5;3;1;5;6;2;1;2;1;2;1;1;1;3;1;1;1;4;5;4;3;2;4;3;4;4;4;1;2000;1;74;10;0;10;16;1;1;2;1;1;2;1;1;1;2
20;80;80;3;2;2;50;50;30;40;30;1;1;1;1;1;30;6;4;2;5;6;2;1;2;1;2;1;1;4;4;3;4;5;2;4;4;4;4;4;3;4;2;4;1;1995;1;71;16;0;12;12;4;1;1;1;2;2;1;3;1;2
39;72;81;2;1;3;19;82;52;86;54;3;4;1;1;1;10;6;3;2;6;6;2;1;2;1;1;1;1;2;4;4;2;3;3;4;2;4;3;4;2;4;3;2;2;1999;1;81;12;0;12;23;2;1;2;1;1;2;2;2;2;3
30;90;75;1;1;2;20;80;75;70;40;2;2;2;2;2;2;2;6;4;6;4;2;1;1;1;1;1;2;1;1;5;5;5;2;4;2;5;4;5;3;5;1;5;1;1996;1;70;12;2;8;25;1;4;1;1;1;2;1;1;2;2
20;81;30;2;2;1;81;20;40;82;40;2;2;2;2;2;0;6;2;5;7;6;2;1;2;2;2;2;2;1;2;5;2;5;3;2;2;5;5;4;4;4;3;5;1;2000;1;65;4;0;8;8;4;4;2;1;2;2;1;2;1;1
25;75;60;2;2;1;75;25;50;75;25;3;2;1;1;1;10;6;3;6;5;6;2;1;1;1;1;1;2;2;2;4;4;4;4;3;4;3;3;2;3;5;2;5;1;1994;1;75;0;0;12;25;2;1;1;1;2;1;2;2;1;1
25;75;40;1;1;3;25;75;75;75;32;4;2;1;2;2;0;4;4;2;6;3;1;2;2;2;2;2;2;1;1;4;4;4;4;4;4;3;3;4;4;NA;4;4;1;1998;1;55;16;0;4;8;3;4;2;2;2;2;2;1;2;3
0;100;50;3;2;1;70;50;70;60;30;1;3;1;1;1;10;5;4;2;6;6;2;1;2;1;2;2;2;2;2;3;2;3;3;4;4;5;3;5;3;5;2;4;2;1996;1;70;0;0;16;20;2;1;1;1;1;2;1;3;1;1
0;100;40;3;2;1;50;50;80;80;70;1;2;1;1;1;15;6;2;2;2;7;2;2;2;1;2;1;1;2;5;3;2;3;3;4;3;2;2;5;2;5;3;5;2;1997;1;80;16;0;8;5;4;1;1;2;2;2;1;3;1;1
75;20;10;2;2;3;70;10;50;50;40;4;4;1;1;1;20;5;2;2;5;6;2;1;2;1;2;2;2;2;2;3;2;4;2;4;1;4;2;4;3;3;4;2;2;2000;1;90;15;0;10;20;3;4;2;1;2;1;2;2;1;1
20;90;70;3;1;1;20;80;80;70;64;1;1;1;1;1;10;5;6;2;5;2;1;2;1;1;1;1;2;1;1;5;5;5;4;5;3;4;3;4;2;3;2;2;1;1999;1;84;8;1;3;3;1;4;2;2;1;2;2;3;2;1
38;100;70;2;2;1;61;85;52;75;58;4;3;1;1;1;15;5;2;2;3;3;1;2;1;1;1;1;1;1;3;4;3;3;1;4;4;4;5;4;4;4;2;3;2;1999;1;67;12;0;4;10;3;2;2;2;2;1;2;2;1;1
0;100;60;3;1;1;0;100;65;35;10;3;2;2;1;2;5;3;2;2;1;6;2;1;2;1;1;1;1;2;3;4;3;4;3;5;5;4;3;4;2;5;3;5;2;1997;1;80;0;0;12;35;3;2;1;1;2;2;1;3;2;1
45;5;50;2;1;3;90;10;80;10;30;3;2;1;1;1;10;5;1;1;6;6;2;2;1;1;1;1;2;1;1;5;5;5;5;5;3;5;5;2;4;4;1;5;1;1998;1;60;0;2;8;10;1;1;2;2;2;2;2;2;2;3
70;85;80;2;1;2;25;80;80;75;85;1;2;1;1;1;10;6;2;3;5;5;2;1;2;1;2;2;1;1;3;4;2;4;3;5;2;4;4;4;1;3;3;3;1;1998;1;75;12;0;16;10;2;1;2;2;2;2;2;2;2;2
1;100;1;3;1;2;60;50;100;100;100;2;1;2;2;2;0;4;6;5;6;1;1;1;2;1;1;1;2;1;1;5;5;5;3;5;3;5;4;3;3;5;1;5;1;1995;1;70;30;0;10;20;2;1;1;1;1;2;1;3;2;2
80;10;90;2;1;3;100;14;14;53;37;4;4;1;1;1;30;6;5;3;2;7;2;1;1;2;2;1;2;3;4;2;2;2;4;5;2;2;1;5;2;4;3;5;1;2000;1;60;9;0;16;10;2;1;2;2;1;2;2;2;1;3
30;90;80;1;1;1;40;70;70;70;50;3;2;1;1;1;20;4;5;3;5;6;2;1;2;1;2;1;2;4;4;2;2;2;5;5;5;2;4;3;1;4;4;4;2;1999;1;65;10;10;10;10;3;1;2;1;2;1;2;1;2;1
0;100;80;2;1;2;0;80;40;70;60;3;3;2;2;2;0;5;5;3;5;2;2;2;1;1;1;2;2;1;1;5;5;5;4;4;1;2;1;4;1;4;4;1;2;1999;1;80;9;0;6;12;3;4;2;2;2;1;2;2;2;2
0;100;75;3;1;1;NA;100;100;0;0;2;4;2;2;2;0;6;1;5;6;3;1;1;2;1;1;2;2;1;1;5;5;5;2;5;3;4;2;4;1;4;2;5;1;2000;1;100;6;0;3;4;2;2;2;2;1;2;2;3;2;1
30;70;80;1;1;2;60;40;65;80;40;2;1;1;2;2;2;6;2;1;5;7;2;1;2;1;1;1;1;4;4;1;2;3;4;5;2;5;4;4;1;4;1;4;1;2000;1;65;0;0;4;8;3;1;2;1;1;2;2;1;2;2
80;19;71;1;1;2;72;38;22;63;77;2;1;1;1;1;10;5;2;2;3;6;2;1;2;1;2;2;2;4;2;3;3;3;5;4;1;4;2;2;2;4;2;2;1;1997;1;61;40;0;6;5;4;1;2;2;2;2;2;1;1;2
85;60;51;3;2;1;6;93;69;27;51;2;2;2;2;2;3;5;6;7;5;3;2;1;2;1;2;2;2;1;1;5;4;5;3;4;5;5;4;4;2;2;1;2;1;2000;1;73;15;0;8;6;2;3;2;1;2;2;2;3;1;1
0;100;72;1;1;1;30;81;81;93;50;4;4;2;1;1;10;4;4;4;4;4;2;1;2;1;2;2;2;1;1;5;5;5;3;4;2;2;2;5;5;5;3;4;2;1999;1;71;25;0;8;5;3;5;2;2;2;2;2;1;2;1
30;100;100;1;2;1;22;100;80;70;10;2;2;1;1;1;15;6;1;2;5;6;2;1;2;1;2;2;1;3;4;2;4;3;1;1;4;4;2;5;4;4;4;4;2;2000;1;80;10;0;16;20;3;1;2;1;2;2;2;1;1;1
7;95;82;3;2;1;19;82;92;56;83;4;2;1;1;1;10;4;6;5;6;2;2;1;2;2;2;2;2;1;1;5;5;5;2;4;2;5;2;5;3;4;2;4;1;2000;1;74;30;2;6;15;3;1;2;1;2;2;2;3;1;1
68;80;80;2;1;3;25;75;35;75;85;2;3;1;1;1;50;3;2;2;2;6;2;1;1;1;1;1;2;1;1;4;4;4;4;5;1;4;2;3;1;5;3;4;2;2000;1;80;6;15;16;35;2;4;2;1;2;1;2;2;2;3
19;81;100;1;2;3;82;18;89;67;15;2;2;2;1;1;10;5;2;2;2;5;1;1;2;1;1;2;1;2;4;2;2;2;3;4;2;4;3;5;3;3;2;4;2;1999;1;61;8;2;12;30;2;1;2;1;1;1;2;1;1;1
75;65;86;2;2;2;51;49;70;63;68;2;3;2;2;2;0;6;2;5;4;3;2;1;2;2;1;1;2;1;3;5;4;5;3;5;5;5;3;5;3;3;2;4;1;1998;1;72;12;0;4;8;3;3;2;1;2;2;2;2;1;2
40;80;75;1;2;2;50;50;70;50;40;3;2;1;1;2;5;5;6;2;5;5;2;1;2;1;2;1;1;1;3;4;4;5;4;5;4;4;3;3;3;4;4;4;2;2000;1;70;8;0;10;12;3;3;2;1;2;2;2;1;1;2
8;100;71;3;2;3;40;40;100;58;51;1;5;1;1;2;5;6;1;1;2;7;1;1;2;1;1;2;1;3;4;3;4;1;3;3;4;2;3;4;3;4;4;4;2;1999;2;91;0;20;10;15;2;1;2;2;2;1;1;3;1;3
